time,value,lag_1,lag_2,rolling_mean,rolling_std,anomaly,pred,score,diff,deviation,abs_dev,anomaly_type,adjusted_pred
0,50.993428306022466,70.93106820242826,70.66186462158187,56.13702414987805,3.5454400979811593,0.0,0,-0.02859367572177618,0.0,-5.143595843855586,5.143595843855586,normal,0
1,51.026803733300675,50.993428306022466,70.93106820242826,56.13702414987805,3.5454400979811593,0.0,0,-0.05914943924608951,0.03337542727820875,-5.110220416577377,5.110220416577377,normal,0
2,53.882275947849934,51.026803733300675,50.993428306022466,56.13702414987805,3.5454400979811593,0.0,0,-0.11374311998644854,2.855472214549259,-2.254748202028118,2.254748202028118,normal,0
3,56.87730523966283,53.882275947849934,51.026803733300675,56.13702414987805,3.5454400979811593,0.0,0,-0.11732802952699001,2.995029291812898,0.74028108978478,0.74028108978478,normal,0
4,54.549229991570485,56.87730523966283,53.882275947849934,56.13702414987805,3.5454400979811593,0.0,0,-0.12504132873564028,-2.328075248092347,-1.5877941583075668,1.5877941583075668,normal,0
5,55.659578609026376,54.549229991570485,56.87730523966283,56.13702414987805,3.5454400979811593,0.0,0,-0.13182835819988975,1.110348617455891,-0.4774455408516758,0.4774455408516758,normal,0
6,60.30389669030167,55.659578609026376,54.549229991570485,56.13702414987805,3.5454400979811593,0.0,0,-0.12365255744900011,4.644318081275294,4.166872540423618,4.166872540423618,normal,0
7,59.59000188606372,60.30389669030167,55.659578609026376,56.13702414987805,3.5454400979811593,0.0,0,-0.12907315964881955,-0.7138948042379525,3.452977736185666,3.452977736185666,normal,0
8,57.90433048315025,59.59000188606372,60.30389669030167,56.13702414987805,3.5454400979811593,0.0,0,-0.13926519167236423,-1.6856714029134707,1.7673063332721952,1.7673063332721952,normal,0
9,60.58339061183213,57.90433048315025,59.59000188606372,56.13702414987805,3.5454400979811593,0.0,0,-0.13777805344122446,2.6790601286818827,4.446366461954078,4.446366461954078,normal,0
10,59.08372977732661,60.58339061183213,57.90433048315025,56.94605429700847,3.1413462693494933,0.0,0,-0.13008731912716937,-1.4996608345055193,2.137675480318137,2.137675480318137,normal,0
11,59.44141300014637,59.08372977732661,60.58339061183213,57.787515223693035,2.4248993190006036,0.0,0,-0.12632221430432183,0.35768322281975884,1.6538977764533342,1.6538977764533342,normal,0
12,61.06419182741479,59.44141300014637,59.08372977732661,58.50570681164952,2.1921312450388886,0.0,0,-0.13230364023831348,1.6227788272684194,2.558485015765271,2.558485015765271,normal,0
13,56.80370679496712,61.06419182741479,59.44141300014637,58.498346967179955,2.1983207041162056,0.0,0,-0.12398632722075537,-4.260485032447669,-1.6946401722128357,1.6946401722128357,normal,0
14,57.07303684226083,56.80370679496712,61.06419182741479,58.75072765224898,1.8040863870208268,0.0,0,-0.11346726737645002,0.2693300472937068,-1.6776908099881567,1.6776908099881567,normal,0
15,59.13599010446959,57.07303684226083,56.80370679496712,59.09836880179331,1.4405720425355264,0.0,0,-0.09963389656551841,2.062953262208765,0.03762130267627839,0.03762130267627839,normal,0
16,57.82260828399134,59.13599010446959,57.07303684226083,58.850239961162266,1.4234472429398162,0.0,0,-0.1023638221309689,-1.3133818204782486,-1.0276316771709233,1.0276316771709233,normal,0
17,59.9217739202107,57.82260828399134,59.13599010446959,58.883417164576976,1.446288296621258,0.0,0,-0.10575558190895562,2.099165636219354,1.0383567556337212,1.0383567556337212,normal,0
18,56.78908427671547,59.9217739202107,57.82260828399134,58.7718925439335,1.568048703815136,0.0,0,-0.10393710004212064,-3.132689643495226,-1.9828082672180258,1.9828082672180258,normal,0
19,54.97086365661631,56.78908427671547,59.9217739202107,58.210639848411915,1.830156037905685,0.0,0,-0.10399338839773414,-1.8182206200991615,-3.239776191795606,3.239776191795606,normal,0
20,59.80915006076784,54.97086365661631,56.78908427671547,58.28318187675603,1.8822435054422229,0.0,0,-0.11167658413410264,4.838286404151532,1.5259681840118091,1.5259681840118091,normal,0
21,55.415984140044074,59.80915006076784,54.97086365661631,57.88063899074581,2.031542416202158,0.0,0,-0.1066815867560621,-4.393165920723767,-2.4646548507017343,2.4646548507017343,normal,0
22,54.91630193622263,55.415984140044074,59.80915006076784,57.265850001626596,1.8861221769366487,0.0,0,-0.10225833734962564,-0.49968220382144324,-2.3495480654039653,2.3495480654039653,normal,0
23,50.78740249922164,54.91630193622263,55.415984140044074,56.66421957205203,2.791937315378874,0.0,0,-0.11435271732956565,-4.128899437000989,-5.8768170728303915,5.8768170728303915,normal,0
24,51.364566886592684,50.78740249922164,54.91630193622263,56.09337257648523,3.245762191939991,0.0,0,-0.11064034502628756,0.5771643873710417,-4.728805689892546,4.728805689892546,normal,0
25,51.47184517941973,51.364566886592684,50.78740249922164,55.326958083980244,3.350652211413576,0.0,0,-0.11334709280471555,0.10727829282704704,-3.8551129045605137,3.8551129045605137,normal,0
26,47.74468050951235,51.47184517941973,51.364566886592684,54.31916530653234,3.9741949939489163,0.0,0,-0.08800984888486457,-3.7271646699073813,-6.574484797019991,6.574484797019991,normal,0
27,49.6144971650428,47.74468050951235,51.47184517941973,53.288437631015555,3.685839513629284,0.0,0,-0.10005879637260628,1.8698166555304496,-3.6739404659727555,3.6739404659727555,normal,0
28,46.517477093315605,49.6144971650428,47.74468050951235,52.26127691267557,4.018146401487892,0.0,0,-0.06656129650387249,-3.0970200717271936,-5.743799819359964,5.743799819359964,normal,0
29,46.0490757593963,46.517477093315605,49.6144971650428,51.36909812295356,4.328192559020928,0.0,0,-0.060079652541782325,-0.46840133391930294,-5.320022363557257,5.320022363557257,normal,0
30,44.41873425261648,46.0490757593963,46.517477093315605,49.83005654213843,3.6815734678709435,0.0,0,-0.049715134128775706,-1.6303415067798213,-5.411322289521948,5.411322289521948,normal,0
31,48.40908530973098,44.41873425261648,46.0490757593963,49.12936665910712,3.1250379159734045,0.0,0,-0.06991356321756625,3.990351057114502,-0.7202813493761369,0.7202813493761369,normal,0
32,43.86787312276624,48.40908530973098,44.41873425261648,48.02452377776148,2.786488714279708,0.0,0,-0.04335675435335379,-4.541212186964742,-4.156650654995239,4.156650654995239,normal,0
33,41.09129888706805,43.86787312276624,48.40908530973098,47.05491341654613,3.348554252259806,0.0,0,-0.0187903022196374,-2.7765742356981917,-5.963614529478079,5.963614529478079,normal,0
34,44.296819299546186,41.09129888706805,43.86787312276624,46.348138657841474,3.0723498924343065,0.0,0,-0.02099365368573458,3.205520412478137,-2.051319358295288,2.051319358295288,normal,0
35,39.79774753710642,44.296819299546186,41.09129888706805,45.180728893610144,3.1266027799618015,0.0,1,0.011362988878926505,-4.499071762439769,-5.382981356503727,5.382981356503727,drift,0
36,42.39485468272262,39.79774753710642,44.296819299546186,44.645746310931166,3.0967005395615206,0.0,1,0.0055288518700458145,2.5971071456161994,-2.2508916282085494,2.2508916282085494,seasonal,0
37,37.950392467957734,42.39485468272262,39.79774753710642,43.479335841222664,3.211786146876546,0.0,1,0.059971401942178315,-4.444462214764883,-5.52894337326493,5.52894337326493,drift,1
38,39.26336061792042,37.950392467957734,42.39485468272262,42.75392419368315,3.268061887612391,0.0,1,0.07089420969510107,1.3129681499626855,-3.490563575762728,3.490563575762728,drift,1
39,42.52084996445136,39.26336061792042,37.950392467957734,42.40110161418865,3.0563870926431425,0.0,1,0.0751753163935357,3.2574893465309387,0.1197483502627108,0.1197483502627108,seasonal,1
40,43.966367997039285,42.52084996445136,39.26336061792042,42.35586498863093,3.026407338438597,0.0,1,0.03266531643428772,1.4455180325879269,1.610503008408358,1.610503008408358,seasonal,1
41,43.34446603771974,43.966367997039285,42.52084996445136,41.84940306142981,2.2161801808224686,0.0,1,0.006890026682949246,-0.6219019593195441,1.4950629762899297,1.4950629762899297,seasonal,0
42,43.42542418020337,43.34446603771974,43.966367997039285,41.80515816717352,2.1754472443478026,0.0,1,0.0040206773545991,0.08095814248363098,1.6202660130298483,1.6202660130298483,seasonal,0
43,43.84266018106352,43.42542418020337,43.34446603771974,42.08029429657306,2.247911546902237,0.0,1,0.00017070179524358853,0.4172360008601501,1.762365884490464,1.762365884490464,seasonal,0
44,42.39748495997826,43.84266018106352,43.42542418020337,41.89036086261628,2.116203010610902,0.0,1,0.00531435615726028,-1.4451752210852646,0.5071240973619808,0.5071240973619808,seasonal,0
45,44.93245906028585,42.39748495997826,43.84266018106352,42.40383201493422,2.174182894039454,0.0,0,-0.010878708643898283,2.5349741003075934,2.5286270453516337,2.5286270453516337,normal,0
46,46.56118571706326,44.93245906028585,42.39748495997826,42.82046511836828,2.5405887133572813,0.0,0,-0.015078817137752831,1.6287266567774097,3.7407205986949776,3.7407205986949776,normal,0
47,50.78299892559105,46.56118571706326,44.93245906028585,44.10372576413162,3.005699719887495,0.0,0,-0.039845302253809334,4.2218132085277915,6.6792731614594345,6.6792731614594345,normal,0
48,50.600337707488364,50.78299892559105,46.56118571706326,45.237423473088406,3.1132727384566654,0.0,0,-0.06781431647460379,-0.18266121810268743,5.362914234399959,5.362914234399959,normal,0
49,47.67058735363149,50.600337707488364,50.78299892559105,45.75239721200642,3.0390192061869126,0.0,0,-0.07295298508852005,-2.9297503538568748,1.9181901416250682,1.9181901416250682,normal,0
50,53.14816793878959,47.67058735363149,50.600337707488364,46.67057720618145,3.7445919357796096,0.0,0,-0.07098495957227252,5.477580585158101,6.477590732608142,6.477590732608142,normal,0
51,53.03316777481041,53.14816793878959,47.67058735363149,47.63944737989051,4.030855547365732,0.0,0,-0.057121609074752666,-0.11500016397918245,5.393720394919896,5.393720394919896,normal,0
52,53.733054871036636,53.03316777481041,53.14816793878959,48.67021044897384,4.149692139536141,0.0,0,-0.08764973185754216,0.6998870962262274,5.0628444220627955,5.0628444220627955,normal,0
53,57.554598104528516,53.733054871036636,53.03316777481041,50.04140424132034,4.6164546514449425,0.0,0,-0.07784457706693171,3.82154323349188,7.513193863208173,7.513193863208173,normal,0
54,59.57953578600905,57.554598104528516,53.733054871036636,51.75960932392343,4.65270585866036,0.0,0,-0.09152053343079142,2.0249376814805373,7.8199264620856255,7.8199264620856255,normal,0
55,60.490412761157124,59.57953578600905,57.554598104528516,53.315404694010546,4.716884587031674,0.0,0,-0.1090528995111244,0.9108769751480708,7.175008067146578,7.175008067146578,normal,0
56,57.967036012841604,60.490412761157124,59.57953578600905,54.45598972358838,4.258975616365953,0.0,0,-0.1246034064209876,-2.5233767483155205,3.5110462892532226,3.5110462892532226,normal,0
57,59.93670767605546,57.967036012841604,60.490412761157124,55.371360598634816,4.364226152489851,0.0,0,-0.12769136554607735,1.969671663213859,4.565347077420647,4.565347077420647,normal,0
58,62.00580611782728,59.93670767605546,57.967036012841604,56.51190743966872,4.467947156556767,0.0,0,-0.12377035042267198,2.069098441771814,5.493898678158558,5.493898678158558,normal,0
59,63.94936077890492,62.00580611782728,59.93670767605546,58.13978478219606,3.8051119275473178,0.0,0,-0.13047755653846244,1.9435546610776413,5.809575996708858,5.809575996708858,normal,0
60,61.55221668726096,63.94936077890492,62.00580611782728,58.9801896570432,3.4956407819696365,0.0,0,-0.13579804684642605,-2.397144091643959,2.572027030217761,2.572027030217761,normal,0
61,62.50155455395925,61.55221668726096,63.94936077890492,59.92702833495808,2.9447400741481244,0.0,0,-0.13912410595008962,0.9493378666982935,2.5745262190011715,2.5745262190011715,normal,0
62,60.86759733627066,62.50155455395925,61.55221668726096,60.64048258148148,1.9852970696903522,0.0,0,-0.1310693849769644,-1.6339572176885895,0.2271147547891843,0.2271147547891843,normal,0
63,60.73785403612138,60.86759733627066,62.50155455395925,60.958808174640765,1.6648699133955516,0.0,0,-0.11616544229095532,-0.12974330014928626,-0.22095413851938872,0.22095413851938872,normal,0
64,64.64792415207529,60.73785403612138,60.86759733627066,61.46564701124739,1.9460631132497275,0.0,0,-0.12041288319401877,3.910070115953914,3.1822771408278996,3.1822771408278996,normal,0
65,65.47304522009318,64.64792415207529,60.73785403612138,61.963910257140995,2.2781559478955855,0.0,0,-0.11847070547785155,0.8251210680178929,3.5091349629521886,3.5091349629521886,normal,0
66,62.204250281499526,65.47304522009318,64.64792415207529,62.387631684006784,1.7949717371065432,0.0,0,-0.1078431285690788,-3.2687949385936577,-0.18338140250725843,0.18338140250725843,normal,0
67,63.800345050804204,62.204250281499526,65.47304522009318,62.773995421481665,1.615661990940284,0.0,0,-0.09627068295591562,1.5960947693046776,1.0263496293225387,1.0263496293225387,normal,0
68,61.828404477853155,63.800345050804204,62.204250281499526,62.75625525748425,1.6259750344181103,0.0,0,-0.10990925367921112,-1.9719405729510484,-0.9278507796310933,0.9278507796310933,normal,0
69,59.005231550076644,61.828404477853155,63.800345050804204,62.26184233460143,1.9435474438399853,0.0,0,-0.1301589410573431,-2.823172927776511,-3.2566107845247885,3.2566107845247885,normal,0
70,60.10064373394156,59.005231550076644,61.828404477853155,62.116685039269484,2.053530683870054,0.0,0,-0.13187372723588525,1.0954121838649158,-2.0160413053279242,2.0160413053279242,normal,0
71,61.443609873949086,60.10064373394156,59.005231550076644,62.01089057126846,2.058744908017709,0.0,0,-0.12785676001111368,1.3429661400075261,-0.5672806973193758,0.5672806973193758,normal,0
72,57.209593448626876,61.443609873949086,60.10064373394156,61.64509018250409,2.550666813928649,0.0,0,-0.13154616471744046,-4.23401642532221,-4.4354967338772155,4.4354967338772155,normal,0
73,59.26618618327657,57.209593448626876,61.443609873949086,61.49792339721962,2.6493738662060404,0.0,0,-0.14141000533728093,2.0565927346496906,-2.231737213943056,2.231737213943056,normal,0
74,49.71384212746355,59.26618618327657,57.209593448626876,60.00451519475844,4.343731408865217,0.0,0,-0.10247967561076521,-9.552344055813016,-10.29067306729489,10.29067306729489,normal,0
75,55.393805008750455,49.71384212746355,59.26618618327657,58.99659117362417,4.0961600233068465,0.0,0,-0.09786342644766155,5.6799628812869045,-3.602786164873713,3.602786164873713,normal,0
76,52.72076180083331,55.393805008750455,49.71384212746355,58.048242325557545,4.360301269109604,0.0,0,-0.08904586127049446,-2.6730432079171464,-5.327480524724237,5.327480524724237,normal,0
77,50.76508642741972,52.72076180083331,55.393805008750455,56.74471646321909,4.3979278170207765,0.0,0,-0.11102934675881432,-1.955675373413591,-5.979630035799374,5.979630035799374,normal,0
78,50.40227602622423,50.76508642741972,52.72076180083331,55.6021036180562,4.414659260550851,0.0,0,-0.09727767584855646,-0.3628104011954889,-5.199827591831969,5.199827591831969,normal,0
79,45.15732542978106,50.40227602622423,50.76508642741972,54.21731300602664,5.309724922460921,0.0,0,-0.027643221480247504,-5.244950596443168,-9.059987576245582,9.059987576245582,normal,0
80,47.682803701400246,45.15732542978106,50.40227602622423,52.97552900277251,5.232426302084013,0.0,0,-0.03829509281713328,2.5254782716191855,-5.292725301372265,5.292725301372265,normal,0
81,47.91875408373661,47.682803701400246,45.15732542978106,51.62304342375127,4.496603305546478,0.0,0,-0.06270774168945098,0.23595038233636245,-3.704289340014661,3.704289340014661,normal,0
82,49.35065566172515,47.91875408373661,47.682803701400246,50.83714964506109,4.079118726089307,0.0,0,-0.07489527368430876,1.4319015779885405,-1.48649398333594,1.48649398333594,normal,0
83,44.67018030843255,49.35065566172515,47.91875408373661,49.37754905757669,3.2562998995159425,0.0,0,-0.07199406827021154,-4.6804753532926,-4.707368749144138,4.707368749144138,normal,0
84,43.53474226955343,44.67018030843255,49.35065566172515,48.75963907178567,3.736287104543485,0.0,0,-0.03038522971179486,-1.1354380388791157,-5.224896802232237,5.224896802232237,normal,0
85,43.73592074987939,43.53474226955343,44.67018030843255,47.59385064589857,3.2192741332920596,0.0,0,-0.023996164828003264,0.2011784803259573,-3.8579298960191792,3.8579298960191792,normal,0
86,46.307931728117254,43.73592074987939,43.53474226955343,46.95256763862697,2.67767444759876,0.0,0,-0.04075254060185224,2.572010978237863,-0.644635910509713,0.644635910509713,normal,0
87,45.02723493503666,46.307931728117254,43.73592074987939,46.378782489388655,2.3666379471417462,0.0,0,-0.04796766535832514,-1.280696793080594,-1.3515475543519955,1.3515475543519955,normal,0
88,43.3602123081832,45.02723493503666,46.307931728117254,45.67457611758455,2.064864163212443,0.0,0,-0.047777305909757595,-1.6670226268534591,-2.3143638094013497,2.3143638094013497,normal,0
89,45.653662358939826,43.3602123081832,45.02723493503666,45.724209810500426,2.056999708021749,0.0,0,-0.0428300281433302,2.2934500507566256,-0.07054745156059994,0.07054745156059994,normal,0
90,45.18358993574454,45.653662358939826,43.3602123081832,45.47428843393486,1.9411566730540526,0.0,0,-0.03398980851833999,-0.4700724231952833,-0.29069849819031646,0.29069849819031646,normal,0
91,47.43901945640558,45.18358993574454,45.653662358939826,45.42631497120176,1.8789637868431806,0.0,0,-0.05478490530161079,2.255429520661039,2.0127044852038196,2.0127044852038196,normal,0
92,44.75261455722514,47.43901945640558,45.18358993574454,44.966510860751754,1.27861767385458,0.0,0,-0.023419924908759326,-2.6864048991804452,-0.21389630352661726,0.21389630352661726,normal,0
93,46.28954327904657,44.75261455722514,47.43901945640558,45.12844715781316,1.3380806213711676,0.0,0,-0.03224921001039127,1.5369287218214325,1.161096121233406,1.161096121233406,normal,0
94,47.070312634448804,46.28954327904657,44.75261455722514,45.48200419430269,1.3372882271213204,0.0,0,-0.030587770460460684,0.780769355402235,1.5883084401461147,1.5883084401461147,normal,0
95,45.94511758081103,47.070312634448804,46.28954327904657,45.70292387739586,1.191295735821107,0.0,0,-0.03783850926884863,-1.1251950536377748,0.24219370341516822,0.24219370341516822,normal,0
96,50.57470381311199,45.94511758081103,47.070312634448804,46.12960108589534,1.9527854923374641,0.0,0,-0.06561332639106299,4.629586232300959,4.44510272721665,4.44510272721665,normal,0
97,51.690865017513,50.57470381311199,45.94511758081103,46.79596409414297,2.5732035677708534,0.0,0,-0.06771650305883586,1.1161612044010099,4.894900923370031,4.894900923370031,normal,0
98,52.42332804163637,51.690865017513,50.57470381311199,47.70227566748828,2.813483751779096,0.0,0,-0.09598306775253007,0.7324630241233692,4.721052374148087,4.721052374148087,normal,0
99,53.22749339760667,52.42332804163637,51.690865017513,48.45965877135497,3.1943724859465483,0.0,0,-0.09584142028641707,0.804165355970305,4.767834626251705,4.767834626251705,normal,0
100,92.16925851589917,53.22749339760667,52.42332804163637,53.15822562937043,14.027224790191012,1.0,1,0.10998297994365147,38.9417651182925,39.011032886528746,39.011032886528746,spike,1
101,55.46204169011231,92.16925851589917,53.22749339760667,53.96052785274111,13.892558673411148,0.0,1,0.11032940849664818,-36.707216825786865,1.5015138373711991,1.5015138373711991,spike,1
102,56.90146983859501,55.46204169011231,92.16925851589917,55.17541338087809,13.524186903015215,0.0,1,0.12497518643573247,1.4394281484827047,1.726056457716922,1.726056457716922,drift,1
103,57.22669098840353,56.90146983859501,55.46204169011231,56.26912815181379,13.16316246552425,0.0,1,0.008051927148105209,0.32522114980852024,0.9575628365897444,0.9575628365897444,drift,0
104,59.69496531768513,57.22669098840353,56.90146983859501,57.531593420137426,12.782799131260532,0.0,1,0.0015068289677272473,2.4682743292815985,2.163371897547705,2.163371897547705,drift,0
105,61.935954236553805,59.69496531768513,57.22669098840353,59.1306770857117,12.157214907673467,0.0,0,-0.007126493805977296,2.2409889188686734,2.8052771508421017,2.8052771508421017,normal,0
106,65.91784286170795,61.935954236553805,59.69496531768513,60.66499099057129,11.923369293791557,0.0,0,-0.010900373884060843,3.9818886251541485,5.252851871136663,5.252851871136663,normal,0
107,63.40428805342157,65.91784286170795,61.935954236553805,61.83633329416216,11.512066140173626,0.0,0,-0.011978282300325604,-2.5135548082863863,1.5679547592594076,1.5679547592594076,normal,0
108,64.35838003646568,63.40428805342157,65.91784286170795,63.02983849364508,11.036608308594065,0.0,0,-0.02059502279333847,0.9540919830441084,1.3285415428205951,1.3285415428205951,normal,0
109,64.34937869312785,64.35838003646568,63.40428805342157,64.14202702319719,10.485683839934113,0.0,0,-0.02316104157727117,-0.009001343337828871,0.20735166993065945,0.20735166993065945,normal,0
110,61.17302273235345,64.34937869312785,64.35838003646568,61.04240344484263,3.601831453551287,0.0,0,-0.1351753238017918,-3.1763559607743943,0.1306192875108252,0.1306192875108252,normal,0
111,65.31984475638845,61.17302273235345,64.34937869312785,62.02818375147024,3.235173825122799,0.0,0,-0.13022307563179258,4.1468220240349964,3.291661004918211,3.291661004918211,normal,0
112,65.70072770416476,65.31984475638845,61.17302273235345,62.908109538027226,2.8608242159358293,0.0,0,-0.12567227182221097,0.38088294777631404,2.7926181661375367,2.7926181661375367,normal,0
113,70.55675150925327,65.70072770416476,65.31984475638845,64.24111559011219,3.020540655603935,0.0,0,-0.1058170231181162,4.856023805088512,6.315635919141087,6.315635919141087,normal,0
114,65.13815057772464,70.55675150925327,65.70072770416476,64.78543411611614,2.56660942709785,0.0,0,-0.10586256708702624,-5.41860093152863,0.3527164616085088,0.3527164616085088,normal,0
115,65.86365984761876,65.13815057772464,70.55675150925327,65.17820467722262,2.375516401606961,0.0,0,-0.09884048023140474,0.7255092698941183,0.6854551703961391,0.6854551703961391,normal,0
116,64.7788469852497,65.86365984761876,65.13815057772464,65.06430508957682,2.363387266198508,0.0,0,-0.11780929665067447,-1.0848128623690627,-0.2854581043271196,0.2854581043271196,normal,0
117,61.95592317978109,64.7788469852497,65.86365984761876,64.91946860221276,2.5158828754394045,0.0,0,-0.11939673992201649,-2.822923805468612,-2.9635454224316717,2.9635454224316717,normal,0
118,65.89077805678794,61.95592317978109,64.7788469852497,65.07270840424499,2.524563704771132,0.0,0,-0.12406650160438493,3.934854877006849,0.8180696525429454,0.8180696525429454,normal,0
119,64.29933712466045,65.89077805678794,61.95592317978109,65.06770424739825,2.52620584945253,0.0,0,-0.11558463592601576,-1.5914409321274832,-0.7683671227378,0.7683671227378,normal,0
120,63.459916417010845,64.29933712466045,65.89077805678794,65.29639361586399,2.2193315629233834,0.0,0,-0.12079821724692918,-0.8394207076496087,-1.8364771988531459,1.8364771988531459,normal,0
121,59.04876183142767,63.459916417010845,64.29933712466045,64.66928532336792,2.9707574441625395,0.0,0,-0.12502718595285195,-4.411154585583176,-5.620523491940247,5.620523491940247,normal,0
122,62.58683414871898,59.04876183142767,63.459916417010845,64.35789596782334,3.0135194325065617,0.0,0,-0.12491954486868789,3.5380723172913093,-1.7710618191043608,1.7710618191043608,normal,0
123,55.83319674606399,62.58683414871898,59.04876183142767,62.885540491504415,3.2369065246232043,0.0,0,-0.11822875895088703,-6.753637402654988,-7.0523437454404245,7.0523437454404245,normal,0
124,58.6270465232436,55.83319674606399,62.58683414871898,62.23443008605629,3.3849199189391332,0.0,0,-0.12795744880254406,2.7938497771796094,-3.607383562812693,3.607383562812693,normal,0
125,60.63091125161998,58.6270465232436,55.83319674606399,61.71115522645643,3.15842689258023,0.0,0,-0.12653229449928843,2.003864728376378,-1.0802439748364492,1.0802439748364492,normal,0
126,53.06559501409558,60.63091125161998,58.6270465232436,60.53983002934101,3.963666868592189,0.0,0,-0.12638478379784684,-7.565316237524399,-7.4742350152454335,7.4742350152454335,normal,0
127,52.73050566914591,53.06559501409558,60.63091125161998,59.6172882782775,4.617181556534695,0.0,0,-0.09622723983672865,-0.33508934494966525,-6.886782609131586,6.886782609131586,normal,0
128,52.918057203328495,52.73050566914591,53.06559501409558,58.320016192931554,4.479076840579552,0.0,0,-0.10557581398937671,0.18755153418258175,-5.4019589896030595,5.4019589896030595,normal,0
129,50.62551195075046,52.918057203328495,52.73050566914591,56.952633675540554,4.537680897330815,0.0,0,-0.09871022566744625,-2.292545252578037,-6.327121724790096,6.327121724790096,normal,0
130,47.520820614943005,50.62551195075046,52.918057203328495,55.35872409533376,4.79031224646715,0.0,0,-0.06696397380088054,-3.104691335807452,-7.837903480390757,7.837903480390757,normal,0
131,49.841654890325174,47.520820614943005,50.62551195075046,54.43801340122352,4.886130200935484,0.0,0,-0.06381703484930923,2.3208342753821682,-4.596358510898348,4.596358510898348,normal,0
132,46.77026014478989,49.841654890325174,47.520820614943005,52.856356000830615,4.49991572969245,0.0,0,-0.06626521087613729,-3.0713947455352866,-6.086095856040728,6.086095856040728,normal,0
133,49.15390560625021,46.77026014478989,49.841654890325174,52.18842688684923,4.504669666737302,0.0,0,-0.06935793811368651,2.3836454614603255,-3.034521280599016,3.034521280599016,normal,0
134,45.8128810068722,49.15390560625021,46.77026014478989,50.90701033521209,4.286929980446242,0.0,0,-0.05728174706728001,-3.3410245993780094,-5.094129328339889,5.094129328339889,normal,0
135,50.33930364708354,45.8128810068722,49.15390560625021,49.87784957475844,2.5943580036149947,0.0,0,-0.08257648551089092,4.526422640211337,0.46145407232509683,0.46145407232509683,normal,0
136,45.410620908040634,50.33930364708354,45.8128810068722,49.11235216415295,2.6772869596038467,0.0,0,-0.07121726339254847,-4.928682739042905,-3.7017312561123177,3.7017312561123177,normal,0
137,46.22560968330593,45.410620908040634,50.33930364708354,48.46186256556895,2.4837621411201725,0.0,0,-0.06729117736981216,0.8149887752652987,-2.2362528822630168,2.2362528822630168,normal,0
138,48.54676715045662,46.22560968330593,45.410620908040634,48.02473356028177,1.9367897215426888,0.0,0,-0.07081038848020688,2.321157467150684,0.5220335901748498,0.5220335901748498,normal,0
139,44.665398859845205,48.54676715045662,46.22560968330593,47.42872225119124,1.9643821877755931,0.0,0,-0.05637942552407499,-3.8813682906114124,-2.7633233913460344,2.7633233913460344,normal,0
140,47.944354706256725,44.665398859845205,48.54676715045662,47.47107566032261,1.9711427318608556,0.0,0,-0.06278977095000154,3.2789558464115203,0.4732790459341132,0.4732790459341132,normal,0
141,50.61601498390465,47.944354706256725,44.665398859845205,47.548511669680565,2.0864554507625614,0.0,0,-0.05623766059294333,2.6716602776479235,3.0675033142240835,3.0675033142240835,normal,0
142,45.441754275857406,50.61601498390465,47.944354706256725,47.41566108278731,2.1816386712796656,0.0,0,-0.06840580034795768,-5.1742607080472425,-1.9739068069299037,1.9739068069299037,normal,0
143,49.81413528930672,45.441754275857406,50.61601498390465,47.48168405109296,2.249037319999566,0.0,0,-0.07830438941190948,4.3723810134493135,2.332451238213757,2.332451238213757,normal,0
144,50.87429452920996,49.81413528930672,45.441754275857406,47.98782540332674,2.3964471705741697,0.0,0,-0.08483252970574673,1.0601592399032427,2.886469125883224,2.886469125883224,normal,0
145,52.93579322062988,50.87429452920996,49.81413528930672,48.24747436068137,2.788177245119697,0.0,0,-0.09676106735722051,2.0614986914199207,4.6883188599485095,4.6883188599485095,normal,0
146,50.008561837226665,52.93579322062988,50.87429452920996,48.70726845359998,2.6437552555510977,0.0,0,-0.09827627066317557,-2.9272313834032175,1.3012933836266853,1.3012933836266853,normal,0
147,51.027841246984686,50.008561837226665,52.93579322062988,49.18749160996785,2.5782263864781085,0.0,0,-0.09215633003898549,1.0192794097580204,1.8403496370168355,1.8403496370168355,normal,0
148,55.956984259585255,51.027841246984686,50.008561837226665,49.92851332088072,3.3291579322230733,0.0,0,-0.09511407291021429,4.929143012600569,6.028470938704537,6.028470938704537,normal,0
149,56.79063701082333,55.956984259585255,51.027841246984686,51.14103713597853,3.406462168087013,0.0,0,-0.0962944670460264,0.8336527512380769,5.649599874844803,5.649599874844803,normal,0
150,58.00098570069174,56.79063701082333,55.956984259585255,52.14670023542203,3.8175383805342635,0.0,0,-0.11893916861515924,1.210348689868411,5.854285465269712,5.854285465269712,normal,0
151,59.49622875463698,58.00098570069174,56.79063701082333,53.03472161249526,4.4089447721626245,0.0,0,-0.12047329515446326,1.495243053945238,6.46150714214172,6.46150714214172,normal,0
152,58.72684942849155,59.49622875463698,58.00098570069174,54.363231127758674,3.8303892580368633,0.0,0,-0.1269926476027583,-0.7693793261454331,4.363618300732874,4.363618300732874,normal,0
153,61.79575292116879,58.72684942849155,59.49622875463698,55.56139289094489,4.112840704795973,0.0,0,-0.12813219794001318,3.0689034926772436,6.234360030223904,6.234360030223904,normal,0
154,63.10368168761452,61.79575292116879,58.72684942849155,56.78433160678534,4.374173778237901,0.0,0,-0.12414464858183039,1.3079287664457269,6.319350080829182,6.319350080829182,normal,0
155,62.19914968687199,63.10368168761452,61.79575292116879,57.710667253409554,4.448827511062409,0.0,0,-0.12982695348000328,-0.9045320007425275,4.488482433462437,4.488482433462437,normal,0
156,68.37702008157639,62.19914968687199,63.10368168761452,59.54751307784452,4.700321797425517,0.0,0,-0.11188846958425686,6.177870394704399,8.82950700373187,8.82950700373187,normal,0
157,66.50279826958146,68.37702008157639,62.19914968687199,61.09500878010421,4.091739368015481,0.0,0,-0.11275458106753389,-1.8742218119949285,5.407789489477253,5.407789489477253,normal,0
158,63.96067226061485,66.50279826958146,68.37702008157639,61.89537758020716,3.7429609276051075,0.0,0,-0.11232803871706526,-2.542126008966612,2.065294680407689,2.065294680407689,normal,0
159,68.31137774192786,63.96067226061485,66.50279826958146,63.047451653317616,3.7700831650915614,0.0,0,-0.1245661952370462,4.350705481313007,5.263926088610241,5.263926088610241,normal,0
160,65.5612018224969,68.31137774192786,63.96067226061485,63.803473265498134,3.383919131003748,0.0,0,-0.11198275429906424,-2.7501759194309585,1.7577285569987637,1.7577285569987637,normal,0
161,69.44704171477179,65.5612018224969,68.31137774192786,64.79855456151162,3.439215347771029,0.0,0,-0.10786716028338333,3.8858398922748876,4.648487153260163,4.648487153260163,normal,0
162,70.39745844229752,69.44704171477179,65.5612018224969,65.9656154628922,3.1147610902446736,0.0,0,-0.10160129551187935,0.9504167275257345,4.431842979405317,4.431842979405317,normal,0
163,66.48890264757931,70.39745844229752,69.44704171477179,66.43493043553326,2.748719707408425,0.0,0,-0.10982816953136648,-3.908555794718211,0.053972212046048185,0.053972212046048185,normal,0
164,69.94962476577554,66.48890264757931,70.39745844229752,67.11952474334936,2.678480178937402,0.0,0,-0.10504341998164995,3.46072211819623,2.83010002242618,2.83010002242618,normal,0
165,68.58612701682455,69.94962476577554,66.48890264757931,67.75822247634461,2.066392137988623,0.0,0,-0.10922728815102994,-1.3634977489509907,0.8279045404799348,0.8279045404799348,normal,0
166,68.99239084464917,68.58612701682455,69.94962476577554,67.8197595526519,2.0958207402921674,0.0,0,-0.11557782482541223,0.4062638278246169,1.1726312919972628,1.1726312919972628,normal,0
167,70.58686522032804,68.99239084464917,68.58612701682455,68.22816624772655,2.205717511078642,0.0,0,-0.11159034441203358,1.594474375678871,2.3586989726014878,2.3586989726014878,normal,0
168,65.61435619575215,70.58686522032804,68.99239084464917,68.39353464124028,1.8895542875428941,0.0,0,-0.10487933912429037,-4.972509024575885,-2.779178445488128,2.779178445488128,normal,0
169,63.787998730571914,65.61435619575215,70.58686522032804,67.94119674010469,2.387277718575393,0.0,0,-0.09153465517914078,-1.8263574651802372,-4.1531980095327725,4.1531980095327725,normal,0
170,62.59882366367369,63.787998730571914,65.61435619575215,67.64495892422237,2.85366937263445,0.0,0,-0.11371233693166027,-1.1891750668982226,-5.046135260548674,5.046135260548674,normal,0
171,61.73591617108629,62.59882366367369,63.787998730571914,66.87384636985381,3.3168592599719315,0.0,0,-0.1271741966358374,-0.8629074925874036,-5.1379301987675206,5.1379301987675206,normal,0
172,62.12704210801859,61.73591617108629,62.59882366367369,66.04680473642591,3.3712893706023634,0.0,0,-0.12777614304597146,0.3911259369323048,-3.9197626284073195,3.9197626284073195,normal,0
173,61.81920282128186,62.12704210801859,61.73591617108629,65.57983475379618,3.6176555625945115,0.0,0,-0.13615235051230118,-0.3078392867367299,-3.7606319325143147,3.7606319325143147,normal,0
174,60.50671393430312,61.81920282128186,62.12704210801859,64.63554367064894,3.5825428512503286,0.0,0,-0.14208684208307126,-1.3124888869787412,-4.128829736345821,4.128829736345821,normal,0
175,60.40436649807209,60.50671393430312,61.81920282128186,63.81736761877369,3.5136740900758996,0.0,0,-0.14030544529832095,-0.10234743623102815,-3.413001120701594,3.413001120701594,normal,0
176,57.57267144811278,60.40436649807209,60.50671393430312,62.67539567912005,3.5005954456569657,0.0,0,-0.13506899022279645,-2.8316950499593148,-5.102724231007272,5.102724231007272,normal,0
177,59.270169282666075,57.57267144811278,60.40436649807209,61.54372608535385,2.272662953025305,0.0,0,-0.13048626895417242,1.697497834553296,-2.2735568026877786,2.2735568026877786,normal,0
178,54.6894408066773,59.270169282666075,57.57267144811278,60.45123454644638,2.6866085941291784,0.0,0,-0.12741035060830197,-4.580728475988778,-5.761793739769082,5.761793739769082,normal,0
179,59.572801592162094,54.6894408066773,59.270169282666075,60.029714832605386,2.4226168630356506,0.0,0,-0.12292359004519848,4.883360785484797,-0.45691324044329207,0.45691324044329207,normal,0
180,54.373482172605286,59.572801592162094,54.6894408066773,59.20718068349855,2.817577281584132,0.0,0,-0.1152745484886783,-5.199319419556808,-4.833698510893264,4.833698510893264,normal,0
181,50.49021382788056,54.373482172605286,59.572801592162094,58.08261044917798,3.7770226592420237,0.0,0,-0.11145583448165391,-3.8832683447247263,-7.592396621297418,7.592396621297418,normal,0
182,49.253082576119894,50.49021382788056,54.373482172605286,56.795214495988105,4.389664035879297,0.0,0,-0.09274818045330674,-1.2371312517606654,-7.542131919868211,7.542131919868211,normal,0
183,51.671665575466236,49.253082576119894,50.49021382788056,55.780460771406545,4.270511246570937,0.0,0,-0.09708777504209803,2.4185829993463415,-4.10879519594031,4.10879519594031,normal,0
184,49.70480390468812,51.671665575466236,49.253082576119894,54.70026976844505,4.308175795150967,0.0,0,-0.09339381619708387,-1.9668616707781155,-4.995465863756927,4.995465863756927,normal,0
185,51.167435825232644,49.70480390468812,51.671665575466236,53.77657670116109,3.922237392685296,0.0,0,-0.10011372308616118,1.4626319205445242,-2.6091408759284462,2.6091408759284462,normal,0
186,50.4236027418602,51.167435825232644,49.70480390468812,53.061669830535834,3.80316675341385,0.0,0,-0.10552081490819154,-0.7438330833724436,-2.6380670886756334,2.6380670886756334,normal,0
187,49.224074890403536,50.4236027418602,51.167435825232644,52.057060391309584,3.270507341072025,0.0,0,-0.10710400253990388,-1.199527851456665,-2.832985500906048,2.832985500906048,normal,0
188,47.72614527958047,49.224074890403536,50.4236027418602,51.360730838599906,3.386978578255864,0.0,0,-0.09539149404028946,-1.4979296108230642,-3.6345855590194347,3.6345855590194347,normal,0
189,46.59743304334138,47.72614527958047,49.224074890403536,50.06319398371784,2.151472259048747,0.0,0,-0.07769171725115814,-1.128712236239089,-3.4657609403764553,3.4657609403764553,normal,0
190,49.096404932914425,46.59743304334138,47.72614527958047,49.535486259748744,1.5358977943148466,0.0,0,-0.06979547730829744,2.498971889573042,-0.43908132683431944,0.43908132683431944,normal,0
191,52.214527063986736,49.096404932914425,46.59743304334138,49.70791758335937,1.7384305693172781,0.0,0,-0.07882516509924481,3.1181221310723117,2.506609480627368,2.506609480627368,normal,0
192,51.58490823324024,52.214527063986736,49.096404932914425,49.941100149071396,1.8248818995406721,0.0,0,-0.08731257689113864,-0.6296188307464945,1.643808084168846,1.643808084168846,normal,0
193,49.45339001481811,51.58490823324024,52.214527063986736,49.719272593006586,1.7231326562450715,0.0,0,-0.08614706163515518,-2.13151821842213,-0.2658825781884744,0.2658825781884744,normal,0
194,53.20089079241548,49.45339001481811,51.58490823324024,50.06888128177932,2.044555614580766,0.0,0,-0.0921561006021116,3.7475007775973666,3.132009510636159,3.132009510636159,normal,0
195,54.64278223653293,53.20089079241548,49.45339001481811,50.41641592290935,2.4972832692331,0.0,0,-0.09764408611388353,1.4418914441174522,4.226366313623579,4.226366313623579,normal,0
196,53.21474838658057,54.64278223653293,53.20089079241548,50.69553048738139,2.6495151981487246,0.0,0,-0.10903120654444387,-1.4280338499523637,2.5192178991991767,2.5192178991991767,normal,0
197,56.47620468504426,53.21474838658057,54.64278223653293,51.420743466845465,3.1476808220375423,0.0,0,-0.10464253870217316,3.261456298463692,5.0554612181987935,5.0554612181987935,normal,0
198,57.52951856524346,56.47620468504426,53.21474838658057,52.40108079541176,3.3866980916597775,0.0,0,-0.10768801494510749,1.0533138801991981,5.128437769831699,5.128437769831699,normal,0
199,56.410727068695714,57.52951856524346,56.47620468504426,53.38241019794718,2.9057869028010566,0.0,0,-0.11760511730864653,-1.1187914965477432,3.028316870748533,3.028316870748533,normal,0
200,25.71557472069656,56.410727068695714,57.52951856524346,51.0443271767254,9.240069743438804,1.0,1,0.09789240609492522,-30.695152347999155,-25.328752456028845,25.328752456028845,spike,1
201,62.42490138837949,25.71557472069656,56.410727068695714,52.06536460916468,9.922661644487878,0.0,1,0.10095332867583229,36.70932666768293,10.359536779214807,10.359536779214807,spike,1
202,64.75300135799908,62.42490138837949,25.71557472069656,53.38217392164056,10.695473327461137,0.0,1,0.08900298791200834,2.3280999696195934,11.370827436358525,11.370827436358525,drift,1
203,65.9388496309166,64.75300135799908,62.42490138837949,55.03071988325041,11.277293170555449,0.0,1,0.004804110579519016,1.1858482729175108,10.90812974766618,10.90812974766618,drift,0
204,62.262198005102974,65.9388496309166,64.75300135799908,55.93685060451916,11.476213776410203,0.0,1,0.001180647201231122,-3.6766516258136193,6.325347400583816,6.325347400583816,drift,0
205,64.25220244309448,62.262198005102974,65.9388496309166,56.89779262517531,11.754751811569909,0.0,0,-0.0031008914969976598,1.9900044379915016,7.354409817919162,7.354409817919162,normal,0
206,68.1755415937042,64.25220244309448,62.262198005102974,58.39387194588768,12.178341361976882,0.0,1,0.0023484008218032093,3.9233391506097206,9.781669647816514,9.781669647816514,drift,0
207,69.0827043295823,68.1755415937042,64.25220244309448,59.65452191034149,12.602862512735253,0.0,0,-0.0005597764782960812,0.9071627358781029,9.428182419240812,9.428182419240812,normal,0
208,69.87337462763224,69.0827043295823,68.1755415937042,60.88890751658035,12.970742825581109,0.0,1,0.007748026562652277,0.790670298049946,8.984467111051892,8.984467111051892,drift,0
209,77.20373350596964,69.87337462763224,69.0827043295823,62.96820816030775,13.812418165856966,0.0,1,0.04590651736369289,7.3303588783373925,14.235525345661884,14.235525345661884,drift,1
210,71.15234618433787,77.20373350596964,69.87337462763224,67.51188530667189,4.59247521257308,0.0,0,-0.08540211251581165,-6.051387321631765,3.640460877665987,3.640460877665987,normal,0
211,72.64400378764809,71.15234618433787,77.20373350596964,68.53379554659874,4.470094288541007,0.0,0,-0.07793600029788128,1.491657603310216,4.1102082410493495,4.1102082410493495,normal,0
212,72.48827081126912,72.64400378764809,71.15234618433787,69.30732249192575,4.412050633169905,0.0,0,-0.11233427034681492,-0.155732976378971,3.180948319343372,3.180948319343372,normal,0
213,71.9330497868943,72.48827081126912,72.64400378764809,69.90674250752352,4.309556666656231,0.0,0,-0.1114843685523671,-0.5552210243748164,2.0263072793707835,2.0263072793707835,normal,0
214,69.8923340180062,71.9330497868943,72.48827081126912,70.66975610881384,3.3811529487510756,0.0,0,-0.11680746792795482,-2.0407157688881057,-0.7774220908076472,0.7774220908076472,normal,0
215,71.77850360393808,69.8923340180062,71.9330497868943,71.42238622489819,2.522555194965307,0.0,0,-0.11529940698481317,1.8861695859318814,0.3561173790398868,0.3561173790398868,normal,0
216,68.30262009558506,71.77850360393808,69.8923340180062,71.43509407508628,2.504637657376818,0.0,0,-0.11552271713393936,-3.4758835083530215,-3.1324739795012277,3.1324739795012277,normal,0
217,68.81964204154015,68.30262009558506,71.77850360393808,71.40878784628208,2.533307451644975,0.0,0,-0.11318692326769508,0.5170219459550935,-2.589145804741932,2.589145804741932,normal,0
218,67.6344053320997,68.81964204154015,68.30262009558506,71.18489091672882,2.771802282947299,0.0,0,-0.1171204051816862,-1.1852367094404457,-3.550485584629115,3.550485584629115,normal,0
219,67.95921933805954,67.6344053320997,68.81964204154015,70.2604394999378,1.9657731829450362,0.0,0,-0.11050915506717507,0.324814005959837,-2.3012201618782626,2.3012201618782626,normal,0
220,71.50716965627176,67.95921933805954,67.6344053320997,70.29592184713121,1.9867512968686725,0.0,0,-0.10384342976760075,3.547950318212216,1.211247809140545,1.211247809140545,normal,0
221,62.133006355833636,71.50716965627176,67.95921933805954,69.24482210394976,3.0839408457002726,0.0,0,-0.09900393277839326,-9.37416330043812,-7.111815748116122,7.111815748116122,normal,0
222,66.1537659075958,62.133006355833636,71.50716965627176,68.61137161358242,2.992923021480032,0.0,0,-0.09386502764369692,4.020759551762161,-2.457605705986623,2.457605705986623,normal,0
223,60.41146712926924,66.1537659075958,62.133006355833636,67.45921334781991,3.705079019755624,0.0,0,-0.10760097515937717,-5.742298778326557,-7.047746218550671,7.047746218550671,normal,0
224,61.50946860406418,60.41146712926924,66.1537659075958,66.62092680642571,4.027690790694859,0.0,0,-0.11642538431178712,1.0980014747949411,-5.111458202361533,5.111458202361533,normal,0
225,63.427901193934744,61.50946860406418,60.41146712926924,65.78586656542538,3.6911635628262123,0.0,0,-0.12310617372320065,1.9184325898705623,-2.3579653714906357,2.3579653714906357,normal,0
226,60.1752277025479,63.427901193934744,61.50946860406418,64.97312732612167,3.9603867015852936,0.0,0,-0.1324123942785974,-3.252673491386844,-4.79789962357377,4.79789962357377,normal,0
227,56.707611572492866,60.1752277025479,63.427901193934744,63.76192427921693,4.47232120248888,0.0,0,-0.12723784739809602,-3.4676161300550348,-7.054312706724062,7.054312706724062,normal,0
228,56.28814705463331,56.707611572492866,60.1752277025479,62.6272984514703,4.807429334454411,0.0,0,-0.11838474561044737,-0.4194645178595522,-6.339151396836989,6.339151396836989,normal,0
229,57.99165875685223,56.28814705463331,56.707611572492866,61.63054239334956,4.6082889075064495,0.0,0,-0.12121960627373068,1.7035117022189183,-3.638883636497326,3.638883636497326,normal,0
230,54.161414213640974,57.99165875685223,56.28814705463331,59.895966849086484,3.6405055568039755,0.0,0,-0.13073597400924347,-3.8302445432112577,-5.73455263544551,5.73455263544551,normal,0
231,55.13744611987705,54.161414213640974,57.99165875685223,59.19641082549083,3.8300698261137622,0.0,0,-0.12576998220778313,0.9760319062360736,-4.058964705613782,4.058964705613782,normal,0
232,53.986011252049735,55.13744611987705,54.161414213640974,57.97963535993622,3.2653562422095233,0.0,0,-0.12261459268420932,-1.1514348678273123,-3.9936241078864825,3.9936241078864825,normal,0
233,51.90352004976821,53.986011252049735,55.13744611987705,57.128840651986124,3.647370706781524,0.0,0,-0.11948141961412506,-2.082491202281524,-5.225320602217913,5.225320602217913,normal,0
234,56.93961765399046,51.90352004976821,53.986011252049735,56.67185555697874,3.308026735953445,0.0,0,-0.11966959967375812,5.036097604222249,0.26776209701171894,0.26776209701171894,normal,0
235,53.507272881684486,56.93961765399046,51.90352004976821,55.67979272575373,2.4270675543682327,0.0,0,-0.11007212706117586,-3.4323447723059743,-2.1725198440692424,2.1725198440692424,normal,0
236,47.9268423193979,53.507272881684486,56.93961765399046,54.45495418743873,2.9422765589593376,0.0,0,-0.09033242183146323,-5.580430562286587,-6.528111868040831,6.528111868040831,normal,0
237,52.242641345256146,47.9268423193979,53.507272881684486,54.00845716471505,2.900942165895804,0.0,0,-0.10494063060975428,4.315799025858247,-1.7658158194589006,1.7658158194589006,normal,0
238,50.59615978618051,52.242641345256146,47.9268423193979,53.439258437869775,2.9617206813267094,0.0,0,-0.09950068502678483,-1.6464815590756388,-2.8430986516892673,2.8430986516892673,normal,0
239,53.831994162305556,50.59615978618051,52.242641345256146,53.0232919784151,2.5087782834335237,0.0,0,-0.10419410009938246,3.235834376125048,0.8087021838904533,0.8087021838904533,normal,0
240,50.90439336018305,53.831994162305556,50.59615978618051,52.69758989306931,2.5555887977114207,0.0,0,-0.10273084485398237,-2.9276008021225053,-1.7931965328862631,1.7931965328862631,normal,0
241,52.77225659240601,50.90439336018305,53.831994162305556,52.4610709403222,2.409992427035227,0.0,0,-0.10925624199935408,1.867863232222959,0.31118565208380744,0.31118565208380744,normal,0
242,54.666695302940774,52.77225659240601,50.90439336018305,52.52913934541131,2.4667922103690203,0.0,0,-0.10455106022600874,1.8944387105347644,2.1375559575294645,2.1375559575294645,normal,0
243,56.17637796058235,54.666695302940774,52.77225659240601,52.956425136492726,2.7049500472395005,0.0,0,-0.11760596071697321,1.5096826576415765,3.2199528240896242,3.2199528240896242,normal,0
244,52.953936126601555,56.17637796058235,54.666695302940774,52.55785698375384,2.3189176273639194,0.0,0,-0.11257421939003726,-3.2224418339807954,0.39607914284771795,0.39607914284771795,normal,0
245,55.70314500539336,52.953936126601555,56.17637796058235,52.777444196124726,2.51452826183162,0.0,0,-0.10792530830416736,2.749208878791805,2.9257008092686334,2.9257008092686334,normal,0
246,56.532572636660916,55.70314500539336,52.953936126601555,53.63801722785102,2.110093811106297,0.0,0,-0.10305420732206316,0.8294276312675564,2.894555408809893,2.894555408809893,normal,0
247,57.36209600800578,56.532572636660916,55.70314500539336,54.14996269412599,2.3422038607473628,0.0,0,-0.12292288363740372,0.8295233713448624,3.2121333138797894,3.2121333138797894,normal,0
248,63.44400960891362,57.36209600800578,56.532572636660916,55.4347476763993,3.4418396044799535,0.0,0,-0.1166929236740673,6.081913600907839,8.00926193251432,8.00926193251432,normal,0
249,62.00663108627884,63.44400960891362,57.36209600800578,56.25221136879662,3.951858952286915,0.0,0,-0.12208156755813909,-1.4373785226347806,5.7544197174822145,5.7544197174822145,normal,0
250,59.97823209132986,62.00663108627884,63.44400960891362,57.159595241911305,3.6148662284845314,0.0,0,-0.13740102401169535,-2.0283989949489794,2.818636849418553,2.818636849418553,normal,0
251,65.63905622975261,59.97823209132986,62.00663108627884,58.446275205645975,4.132558873367816,0.0,0,-0.12606509201344707,5.660824138422754,7.192781024106637,7.192781024106637,normal,0
252,69.33121126567383,65.63905622975261,59.97823209132986,59.91272680191927,5.125038661366333,0.0,0,-0.08426111423982219,3.6921550359212176,9.41848446375456,9.41848446375456,normal,0
253,68.39617604794908,69.33121126567383,65.63905622975261,61.134706610655954,5.572456604095017,0.0,0,-0.07507748392029712,-0.9350352177247458,7.26146943729313,7.26146943729313,normal,0
254,64.47879680910913,68.39617604794908,69.33121126567383,62.287192678906706,4.835587354973241,0.0,0,-0.09667413663550128,-3.917379238839956,2.191604130202421,2.191604130202421,normal,0
255,67.65938437719225,64.47879680910913,68.39617604794908,63.482816616086595,4.492731654729179,0.0,0,-0.10338713556433127,3.1805875680831264,4.176567761105659,4.176567761105659,normal,0
256,72.17929335766014,67.65938437719225,64.47879680910913,65.04748868818652,4.5277240898435025,0.0,0,-0.10373390442672487,4.519908980467889,7.131804669473624,7.131804669473624,normal,0
257,69.13979349652034,72.17929335766014,67.65938437719225,66.22525843703798,3.7758420854218113,0.0,0,-0.11687653365895556,-3.0394998611398023,2.914535059482361,2.914535059482361,normal,0
258,72.2309181113126,69.13979349652034,72.17929335766014,67.10394928727786,4.067820574851884,0.0,0,-0.11800215405744269,3.091124614792264,5.126968824034748,5.126968824034748,normal,0
259,73.54753863151888,72.2309181113126,69.13979349652034,68.25804004180188,4.097999703932761,0.0,0,-0.11246729546630652,1.3166205202062713,5.289498589716999,5.289498589716999,normal,0
260,70.65670421979537,73.54753863151888,72.2309181113126,69.32588725464844,2.923806643613483,0.0,0,-0.11560585778354909,-2.890834411723503,1.330816965146937,1.330816965146937,normal,0
261,72.75382179516329,70.65670421979537,73.54753863151888,70.0373638111895,2.789540601484815,0.0,0,-0.10758023100251124,2.0971175753679177,2.716457983973797,2.716457983973797,normal,0
262,66.59773260414457,72.75382179516329,70.65670421979537,69.76401594503656,2.99293708902264,0.0,0,-0.10569962414076,-6.156089191018722,-3.1662833408919937,3.1662833408919937,normal,0
263,71.08149200161412,66.59773260414457,72.75382179516329,70.03254754040307,2.9769991745625686,0.0,0,-0.09453758098336579,4.483759397469555,1.0489444612110503,1.0489444612110503,normal,0
264,72.51773620450055,71.08149200161412,66.59773260414457,70.83644147994221,2.324561550501971,0.0,0,-0.09672726329555076,1.436244202886428,1.6812947245583416,1.6812947245583416,normal,0
265,70.26499879902184,72.51773620450055,71.08149200161412,71.09700292212517,2.0598330533907108,0.0,0,-0.10791735110448564,-2.2527374054787117,-0.8320041231033315,0.8320041231033315,normal,0
266,75.61309313252346,70.26499879902184,72.51773620450055,71.4403828996115,2.499573963316056,0.0,0,-0.09968905496443009,5.348094333501621,4.172710232911953,4.172710232911953,normal,0
267,68.93299649909889,75.61309313252346,70.26499879902184,71.41970319986936,2.521481672941831,0.0,0,-0.10184923161944182,-6.680096633424569,-2.486706700770469,2.486706700770469,normal,0
268,70.22504345436393,68.93299649909889,75.61309313252346,71.2191157341745,2.5295501884695732,0.0,0,-0.0999608015209359,1.292046955265036,-0.9940722798105668,0.9940722798105668,normal,0
269,70.55695221385908,70.22504345436393,68.93299649909889,70.92005709240851,2.3969926535484642,0.0,0,-0.11089095403867555,0.33190875949514975,-0.36310487854943574,0.36310487854943574,normal,0
270,72.26039910105698,70.55695221385908,70.22504345436393,71.08042658053466,2.4308238719483004,0.0,0,-0.11005701568095783,1.7034468871978987,1.1799725205223126,1.1799725205223126,normal,0
271,65.49581243865828,72.26039910105698,70.55695221385908,70.35462564488417,2.9116611496855938,0.0,0,-0.10458219006511588,-6.764586662398699,-4.858813206225889,4.858813206225889,normal,0
272,69.60757303115666,65.49581243865828,72.26039910105698,70.65560968758538,2.6212351669438365,0.0,0,-0.0976617107791764,4.111760592498385,-1.048036656428721,1.048036656428721,normal,0
273,66.15736499368768,69.60757303115666,65.49581243865828,70.16319698679273,2.9714566406537033,0.0,0,-0.09991702283214077,-3.4502080374689825,-4.005831993105048,4.005831993105048,normal,0
274,62.99031503354711,66.15736499368768,69.60757303115666,69.21045486969739,3.594675016622414,0.0,0,-0.09872397244421127,-3.1670499601405666,-6.220139836150274,6.220139836150274,normal,0
275,64.67420694852652,62.99031503354711,66.15736499368768,68.65137568464786,3.8389087458121876,0.0,0,-0.11000742032177085,1.6838919149794052,-3.9771687361213424,3.9771687361213424,normal,0
276,62.94478705550388,64.67420694852652,62.99031503354711,67.3845450769459,3.344747612138808,0.0,0,-0.10832390626063448,-1.7294198930226372,-4.439758021442017,4.439758021442017,normal,0
277,60.16266737403386,62.94478705550388,64.67420694852652,66.5075121644394,3.982628637150041,0.0,0,-0.1282871984292387,-2.7821196814700215,-6.344844790405546,6.344844790405546,normal,0
278,60.35835864313326,60.16266737403386,62.94478705550388,65.52084368331631,4.176772823519706,0.0,0,-0.1250430649637449,0.19569126909939882,-5.162485040183057,5.162485040183057,normal,0
279,58.36183606525933,60.35835864313326,60.16266737403386,64.30133206845635,4.320825488644039,0.0,0,-0.12511383874884346,-1.9965225778739253,-5.939496003197014,5.939496003197014,normal,0
280,58.34918216757778,58.36183606525933,60.35835864313326,62.91021037510844,3.6629517679038743,0.0,0,-0.13885363467899836,-0.01265389768155245,-4.561028207530661,4.561028207530661,normal,0
281,58.52879028975522,58.34918216757778,58.36183606525933,62.21350816021813,3.7773080516991926,0.0,0,-0.13309424012761767,0.1796081221774415,-3.6847178704629115,3.6847178704629115,normal,0
282,59.566901204532826,58.52879028975522,58.34918216757778,61.209440977555744,2.802049429457796,0.0,0,-0.13529552117930854,1.0381109147776044,-1.6425397730229179,1.6425397730229179,normal,0
283,53.23108974732614,59.566901204532826,58.52879028975522,59.9168134529196,3.216737583935767,0.0,0,-0.12602947687944116,-6.335811457206688,-6.68572370559346,6.68572370559346,normal,0
284,59.41779622465233,53.23108974732614,59.566901204532826,59.55956157203012,3.030455105519838,0.0,0,-0.12094832920343845,6.18670647732619,-0.14176534737779178,0.14176534737779178,normal,0
285,50.83525923800345,59.41779622465233,53.23108974732614,58.17566680097781,3.5505106023073063,0.0,0,-0.10168327651050924,-8.582536986648876,-7.340407562974356,7.340407562974356,normal,0
286,54.17355730264194,50.83525923800345,59.41779622465233,57.29854382569162,3.3171951862087705,0.0,0,-0.10839426688221016,3.3382980646384866,-3.124986523049678,3.124986523049678,normal,0
287,55.54636712868643,54.17355730264194,50.83525923800345,56.83691380115687,3.193221149951876,0.0,0,-0.1125692807861906,1.372809826044488,-1.290546672470441,1.290546672470441,normal,0
288,54.98171645118735,55.54636712868643,54.17355730264194,56.299249581962286,2.979938610827979,0.0,0,-0.12412076854646753,-0.564650677499074,-1.3175331307749332,1.3175331307749332,normal,0
289,53.38172845307193,54.98171645118735,55.54636712868643,55.801238820743535,3.0128949989498985,0.0,0,-0.12813116180031625,-1.5999879981154237,-2.419510367671606,2.419510367671606,normal,0
290,54.573190336333916,53.38172845307193,54.98171645118735,55.42363963761916,2.892290572898498,0.0,0,-0.11929061827994936,1.1914618832619865,-0.850449301285245,0.850449301285245,normal,0
291,54.515727606022125,54.573190336333916,53.38172845307193,55.022333369245835,2.6845231171165462,0.0,0,-0.121771975017258,-0.05746273031179072,-0.5066057632237104,0.5066057632237104,normal,0
292,54.97799123109141,54.515727606022125,54.573190336333916,54.5634423719017,2.1628951594835,0.0,0,-0.12015571840404948,0.46226362506928353,0.41454885918970774,0.41454885918970774,normal,0
293,58.644071766284135,54.97799123109141,54.515727606022125,55.10474057379751,2.4506093242879325,0.0,0,-0.11772875147373651,3.6660805351927266,3.539331192486628,3.539331192486628,normal,0
294,58.56855991264323,58.644071766284135,54.97799123109141,55.01981694259659,2.2942645802088997,0.0,0,-0.1200208172782985,-0.07551185364090429,3.5487429700466393,3.5487429700466393,normal,0
295,57.48632828655398,58.56855991264323,58.644071766284135,55.68492384745165,1.8714917625001144,0.0,0,-0.11741518429778414,-1.0822316260892535,1.8014044391023276,1.8014044391023276,normal,0
296,61.78166300984935,57.48632828655398,58.56855991264323,56.44573441817239,2.5952949969403356,0.0,0,-0.12618552368100633,4.295334723295376,5.335928591676961,5.335928591676961,normal,0
297,61.78335351490644,61.78166300984935,57.48632828655398,57.06943305679439,3.0625211341225467,0.0,0,-0.1256302567317879,0.001690505057084124,4.7139204581120495,4.7139204581120495,normal,0
298,64.03882536602937,61.78335351490644,61.78166300984935,57.975143948278586,3.6578996343938908,0.0,0,-0.13593865417927825,2.255471851122934,6.063681417750786,6.063681417750786,normal,0
299,64.95592534820418,64.03882536602937,61.78335351490644,59.13256363779182,3.868070252190134,0.0,0,-0.13068329610319407,0.917099982174804,5.823361710412357,5.823361710412357,normal,0
300,63.34200997815584,64.95592534820418,64.03882536602937,60.00944560197401,3.710346510954664,1.0,0,-0.12660726033064018,-1.613915370048332,3.3325643761818355,3.3325643761818355,normal,0
301,65.98297025524907,63.34200997815584,64.95592534820418,61.1561698668967,3.594012537058383,1.0,0,-0.13519058854553223,2.640960277093228,4.826800388352375,4.826800388352375,normal,0
302,70.68148608189503,65.98297025524907,63.34200997815584,62.72651935197706,4.002139951682279,1.0,0,-0.11230579087155201,4.698515826645959,7.95496672991797,7.95496672991797,normal,0
303,72.4519860577137,70.68148608189503,65.98297025524907,64.10731078112002,4.749346064719251,1.0,0,-0.09344728345305392,1.770499975818666,8.344675276593676,8.344675276593676,normal,0
304,73.17573355308883,72.4519860577137,70.68148608189503,65.56802814516456,5.090603223304629,1.0,0,-0.08074960585546609,0.7237474953751359,7.607705407924271,7.607705407924271,normal,0
305,75.36250728954231,73.17573355308883,72.4519860577137,67.35564604546342,5.075982030048423,1.0,0,-0.0722780325492422,2.1867737364534747,8.006861244078891,8.006861244078891,normal,0
306,79.50080085086374,75.36250728954231,73.17573355308883,69.12755982956485,5.93416713155743,1.0,0,-0.0200159561445864,4.138293561321433,10.373241021298895,10.373241021298895,normal,0
307,77.47198965008621,79.50080085086374,75.36250728954231,70.69642344308282,5.850050979516137,1.0,0,-0.020745192867205553,-2.0288112007775254,6.7755662070033935,6.7755662070033935,normal,0
308,81.33747401736024,77.47198965008621,79.50080085086374,72.42628830821592,6.20923943113955,1.0,0,-0.007222686179437221,3.8654843672740213,8.91118570914432,8.91118570914432,normal,0
309,81.29388521979241,81.33747401736024,77.47198965008621,74.06008429537474,6.174562042717297,1.0,1,0.008748790511403981,-0.0435887975678213,7.233800924417679,7.233800924417679,drift,0
310,82.57520275649709,81.29388521979241,81.33747401736024,75.98340357320886,5.413619683178945,1.0,0,-0.02235839326168254,1.2813175367046767,6.591799183288231,6.591799183288231,normal,0
311,86.37042621126126,82.57520275649709,81.29388521979241,78.02214916881007,5.05615399914403,1.0,0,-0.023232828046686915,3.7952234547641694,8.348277042451187,8.348277042451187,normal,0
312,86.83109998225876,86.37042621126126,82.57520275649709,79.63711055884646,5.030059822182589,1.0,0,-1.8966866138225846e-05,0.4606737709975022,7.1939894234123045,7.1939894234123045,normal,0
313,87.657286556284,86.83109998225876,86.37042621126126,81.15764060870349,4.913593490857021,1.0,1,0.004455163214504232,0.8261865740252432,6.499645947580518,6.499645947580518,drift,0
314,89.33383012159557,87.657286556284,86.83109998225876,82.77345026555416,4.646640783943559,1.0,1,0.0052154095969790815,1.6765435653115617,6.560379856041408,6.560379856041408,drift,0
315,87.30257284621706,89.33383012159557,87.657286556284,83.96745682122165,4.022931410223565,1.0,0,-0.005580648358017193,-2.0312572753785076,3.335116024995415,3.335116024995415,normal,0
316,89.01217646725011,87.30257284621706,89.33383012159557,84.91859438286028,3.973626224106516,1.0,1,0.0006052572923986865,1.7096036210330539,4.093582084389837,4.093582084389837,drift,0
317,87.27274574183323,89.01217646725011,87.30257284621706,85.89866999203498,3.0293375311361874,1.0,0,-0.02367258556056462,-1.7394307254168808,1.3740757497982514,1.3740757497982514,normal,0
318,88.65346513273478,87.27274574183323,89.01217646725011,86.63026910357243,2.6671663666346346,1.0,0,-0.021232741216286488,1.3807193909015467,2.0231960291623494,2.0231960291623494,normal,0
319,87.73518495055153,88.65346513273478,87.27274574183323,87.27439907664834,1.9037623479559782,1.0,0,-0.02501537836578205,-0.9182801821832527,0.46078587390319115,0.46078587390319115,normal,0
320,88.07184445291017,87.73518495055153,88.65346513273478,87.82406324628965,0.9516632093560925,1.0,1,0.006287890643989491,0.3366595023586427,0.24778120662051606,0.24778120662051606,seasonal,0
321,88.857850791891,88.07184445291017,87.73518495055153,88.07280570435263,0.8490448052422547,1.0,1,0.016298419005989495,0.7860063389808261,0.7850450875383643,0.7850450875383643,seasonal,1
322,85.74480416037986,88.857850791891,88.07184445291017,87.96417612216473,1.067064923515565,1.0,1,0.002594344620384992,-3.113046631511139,-2.219371961784873,2.219371961784873,seasonal,0
323,91.22167342301951,85.74480416037986,88.857850791891,88.32061480883827,1.4717438652771961,1.0,1,0.028232169239295724,5.476869262639653,2.9010586141812382,2.9010586141812382,seasonal,1
324,84.64129757264368,91.22167342301951,85.74480416037986,87.8513615539431,1.819739112164928,1.0,1,0.0014278850278927058,-6.58037585037583,-3.210063981299413,3.210063981299413,seasonal,0
325,83.82162277442458,84.64129757264368,91.22167342301951,87.50326654676385,2.2243345614733054,1.0,1,0.001262047753039175,-0.8196747982190971,-3.681643772339271,3.681643772339271,seasonal,0
326,88.16288941135716,83.82162277442458,84.64129757264368,87.41833784117455,2.1760091527918073,1.0,0,-0.020874412890521166,4.341266636932573,0.7445515701826082,0.7445515701826082,normal,0
327,87.04642651627731,88.16288941135716,83.82162277442458,87.39570591861896,2.17886671440591,1.0,0,-0.016581470979270208,-1.1164628950798487,-0.3492794023416508,0.3492794023416508,normal,0
328,86.36699410725761,87.04642651627731,88.16288941135716,87.16705881607125,2.1520180763238255,1.0,0,-0.03030507168274682,-0.6794324090196966,-0.8000647088136361,0.8000647088136361,normal,0
329,86.08915427751143,86.36699410725761,87.04642651627731,87.00245574876723,2.166636035663733,1.0,0,-0.0412013715633931,-0.2778398297461848,-0.9133014712558065,0.9133014712558065,normal,0
330,84.5976539313815,86.08915427751143,86.36699410725761,86.65503669661436,2.2529310538766327,1.0,0,-0.041901928017227474,-1.491500346129925,-2.057382765232859,2.057382765232859,normal,0
331,82.71002019774146,84.5976539313815,86.08915427751143,86.04025363719941,2.4178150866315686,1.0,0,-0.03706057351486669,-1.887633733640044,-3.330233439457956,3.330233439457956,normal,0
332,84.64647668862953,82.71002019774146,84.5976539313815,85.93042089002438,2.457350868172667,1.0,0,-0.035597456106747416,1.9364564908880766,-1.2839442013948457,1.2839442013948457,normal,0
333,83.25239732195566,84.64647668862953,82.71002019774146,85.13349327991799,1.7375167564175542,1.0,0,-0.034624287165313794,-1.3940793666738784,-1.88109595796233,1.88109595796233,normal,0
334,86.80196894217531,83.25239732195566,84.64647668862953,85.34956041687116,1.802633402493276,1.0,0,-0.031575945328013666,3.549571620219652,1.4524085253041505,1.4524085253041505,normal,0
335,84.94532007404419,86.80196894217531,83.25239732195566,85.46193014683311,1.7303799167782907,1.0,0,-0.02983268954829177,-1.856648868131117,-0.5166100727889216,0.5166100727889216,normal,0
336,84.12613309912808,84.94532007404419,86.80196894217531,85.0582545156102,1.4835230050687478,1.0,0,-0.02783481859778225,-0.8191869749161071,-0.9321214164821185,0.9321214164821185,normal,0
337,85.8269610324113,84.12613309912808,84.94532007404419,84.9363079672236,1.3456488214990348,1.0,0,-0.02840019303954927,1.7008279332832217,0.8906530651877063,0.8906530651877063,normal,0
338,88.14559562426854,85.8269610324113,84.12613309912808,85.11416811892471,1.6409096005962305,1.0,0,-0.01583113783708756,2.318634591857233,3.031427505343828,3.031427505343828,normal,0
339,87.19967838710515,88.14559562426854,85.8269610324113,85.22522052988407,1.7482908334653742,1.0,0,-0.026640358292256083,-0.9459172371633855,1.9744578572210827,1.9744578572210827,normal,0
340,87.8449940459156,87.19967838710515,88.14559562426854,85.54995454133748,1.9126345763315125,1.0,0,-0.029802241182223133,0.6453156588104463,2.2950395045781136,2.2950395045781136,normal,0
341,91.28910389832359,87.8449940459156,87.19967838710515,86.4078629113957,2.3672787883256285,1.0,0,-0.01377251012453673,3.4441098524079905,4.881240986927892,4.881240986927892,normal,0
342,92.74665388719728,91.28910389832359,87.8449940459156,87.21788063125247,2.9991217658812097,1.0,1,0.023380215450369612,1.4575499888736942,5.528773255944813,5.528773255944813,drift,1
343,92.83098122149987,92.74665388719728,91.28910389832359,88.1757390212069,3.1191077019469926,1.0,1,0.0510602428827317,0.08432733430258565,4.6552422002929745,4.6552422002929745,drift,1
344,94.61245232947644,92.83098122149987,92.74665388719728,88.95678735993701,3.666714615074172,1.0,1,0.0669655210302883,1.7814711079765715,5.65566496953943,5.65566496953943,drift,1
345,97.83624735179056,94.61245232947644,92.83098122149987,90.24588008771164,4.309401917367706,1.0,1,0.10129810128660888,3.223795022314121,7.590367264078921,7.590367264078921,drift,1
346,96.38629457598815,97.83624735179056,94.61245232947644,91.47189623539765,4.114483022856945,1.0,1,0.10063166615812591,-1.4499527758024158,4.914398340590495,4.914398340590495,drift,1
347,98.45382692440012,96.38629457598815,97.83624735179056,92.73458282459653,4.127132760203372,1.0,1,0.1222368957772586,2.067532348411973,5.719244099803589,5.719244099803589,drift,1
348,101.87621268584653,98.45382692440012,96.38629457598815,94.10764453075433,4.678041279201858,1.0,1,0.1371517524707334,3.4223857614464066,7.768568155092197,7.768568155092197,drift,1
349,104.96977336093326,101.87621268584653,98.45382692440012,95.88465402813713,5.116909340965749,1.0,1,0.17466918178828272,3.093560675086735,9.085119332796125,9.085119332796125,drift,1
350,68.12181513119593,104.96977336093326,101.87621268584653,93.91233613666517,10.016006984214686,0.0,1,0.18273327442464604,-36.84795822973733,-25.790521005469245,25.790521005469245,spike,1
351,71.75404476954212,68.12181513119593,104.96977336093326,91.95883022378703,12.24214141846871,0.0,1,0.14268276661176282,3.632229638346189,-20.204785454244913,20.204785454244913,drift,1
352,71.80221811805255,71.75404476954212,68.12181513119593,89.86438664687256,13.78659431426741,0.0,1,0.08651136078398924,0.048173348510431424,-18.06216852882001,18.06216852882001,drift,1
353,71.01136846691989,71.80221811805255,71.75404476954212,87.68242537141455,14.943068650058125,0.0,1,0.08414955834309679,-0.7908496511326604,-16.671056904494662,16.671056904494662,drift,1
354,72.4795043252118,71.01136846691989,71.80221811805255,85.46913057098809,15.433637513506417,0.0,1,0.0932590346494977,1.468135858291916,-12.989626245776279,12.989626245776279,drift,1
355,71.62279379364907,72.4795043252118,71.01136846691989,82.84778521517394,15.325488761543681,0.0,1,0.09331966792391988,-0.8567105315627401,-11.224991421524877,11.224991421524877,drift,1
356,74.6084447873021,71.62279379364907,72.4795043252118,80.67000023630534,14.723388320980511,0.0,1,0.07720055219756672,2.9856509936530387,-6.061555449003237,6.061555449003237,drift,1
357,74.97781514991756,74.6084447873021,71.62279379364907,78.32239905885709,13.383354667294777,0.0,1,0.05198572745597774,0.36937036261545586,-3.3445839089395264,3.3445839089395264,drift,1
358,76.98871637569633,74.97781514991756,74.6084447873021,75.83364942784206,10.525553378015301,0.0,1,0.019833818369009215,2.010901225778767,1.155066947854266,1.155066947854266,drift,1
359,75.34380863755553,76.98871637569633,74.97781514991756,72.87105295550428,2.595763916617942,0.0,0,-0.08335908039047019,-1.6449077381408017,2.4727556820512433,2.4727556820512433,normal,0
360,78.54925819143388,75.34380863755553,76.98871637569633,73.91379726152807,2.5702466528717895,0.0,0,-0.07696379011749738,3.2054495538783527,4.635460929905804,4.635460929905804,normal,0
361,80.93835033329202,78.54925819143388,75.34380863755553,74.83222781790307,3.260882274476295,0.0,0,-0.06632621443248277,2.389092141858143,6.106122515388947,6.106122515388947,normal,0
362,77.862746987369,80.93835033329202,78.54925819143388,75.43828070483471,3.197746871881884,0.0,0,-0.0680717501107963,-3.075603345923028,2.424466282534283,2.424466282534283,normal,0
363,78.93369072848061,77.862746987369,80.93835033329202,76.23051293099078,2.9509750889282365,0.0,0,-0.0777957225666479,1.0709437411116198,2.703177797489829,2.703177797489829,normal,0
364,79.40316049070913,78.93369072848061,77.862746987369,76.92287854754052,2.7804118657140346,0.0,0,-0.08117813410368913,0.46946976222851333,2.480281943168606,2.480281943168606,normal,0
365,76.95812421917987,79.40316049070913,78.93369072848061,77.45641159009361,2.0720355013852525,0.0,0,-0.08592894468593298,-2.4450362715292613,-0.49828737091374364,0.49828737091374364,normal,0
366,77.79645548828105,76.95812421917987,79.40316049070913,77.7752126601915,1.8143977816633459,0.0,0,-0.07387697125855575,0.8383312691011895,0.021242828089555132,0.021242828089555132,normal,0
367,76.81846405658372,77.79645548828105,76.95812421917987,77.9592775508581,1.5768988557433152,0.0,0,-0.06231233124889113,-0.9779914316973333,-1.1408134942743828,1.1408134942743828,normal,0
368,76.30048462485561,76.81846405658372,77.79645548828105,77.89045437577404,1.637807772384212,0.0,0,-0.06344136138061807,-0.5179794317281079,-1.5899697509184278,1.5899697509184278,normal,0
369,73.74945149157597,76.30048462485561,76.81846405658372,77.73101866117608,1.9593091637841211,0.0,0,-0.08227176771547856,-2.5510331332796454,-3.981567169600112,3.981567169600112,normal,0
370,74.42687287144263,73.74945149157597,76.30048462485561,77.31878012917697,2.1883146481021267,0.0,0,-0.08725656613113114,0.677421379866658,-2.8919072577343456,2.8919072577343456,normal,0
371,74.36353332350808,74.42687287144263,73.74945149157597,76.66129842819856,1.9552738467076243,0.0,0,-0.08719439337743423,-0.06333954793454666,-2.297765104690484,2.297765104690484,normal,0
372,75.18353274243688,74.36353332350808,74.42687287144263,76.39337700370535,1.9559128651696942,0.0,0,-0.09462397560629737,0.819999418928802,-1.209844261268472,1.209844261268472,normal,0
373,73.05544052381902,75.18353274243688,74.36353332350808,75.8055519832392,1.9906336177721353,0.0,0,-0.09586515484878022,-2.1280922186178657,-2.7501114594201823,2.7501114594201823,normal,0
374,74.25969725066614,73.05544052381902,75.18353274243688,75.2912056592349,1.579907109536386,0.0,0,-0.07118855244902811,1.2042567268471203,-1.0315084085687687,1.0315084085687687,normal,0
375,67.21530487422396,74.25969725066614,73.05544052381902,74.31692372473931,2.894712831619429,0.0,0,-0.08737827331909426,-7.044392376442175,-7.101618850515351,7.101618850515351,normal,0
376,69.2913089377983,67.21530487422396,74.25969725066614,73.46640906969103,3.006108083859058,0.0,0,-0.09204693716962309,2.076004063574345,-4.1751001318927194,4.1751001318927194,normal,0
377,66.72978513982822,69.2913089377983,67.21530487422396,72.45754117801548,3.4204914756556146,0.0,0,-0.10039389438869878,-2.5615237979700822,-5.727756038187252,5.727756038187252,normal,0
378,69.59836033958857,66.72978513982822,69.2913089377983,71.78732874948876,3.235441085385322,0.0,0,-0.09538438135938887,2.8685751997603433,-2.1889684099001983,2.1889684099001983,normal,0
379,62.51586668827257,69.59836033958857,66.72978513982822,70.66397026915844,4.264888320763309,0.0,0,-0.09049707261358503,-7.082493651316,-8.148103580885873,8.148103580885873,normal,0
380,61.442703792713736,62.51586668827257,69.59836033958857,69.36555336128554,4.91841106078956,0.0,0,-0.08118646487739889,-1.0731628955588306,-7.922849568571799,7.922849568571799,normal,0
381,61.005743649825085,61.442703792713736,62.51586668827257,68.02977439391725,5.215153843245765,0.0,0,-0.08890414621154041,-0.43696014288865115,-7.024030744092165,7.024030744092165,normal,0
382,57.147076123622504,61.005743649825085,61.442703792713736,66.2261287320358,5.57281051052055,0.0,0,-0.07807866741432729,-3.8586675262025807,-9.0790526084133,9.0790526084133,normal,0
383,59.65521070161835,57.147076123622504,61.005743649825085,64.88610574981574,5.355026726355257,0.0,0,-0.0971884288597421,2.508134577995847,-5.2308950481973895,5.2308950481973895,normal,0
384,58.633464152232435,59.65521070161835,57.147076123622504,63.32348243997237,4.532600362291051,0.0,0,-0.1254764060765141,-1.0217465493859166,-4.690018287739939,4.690018287739939,normal,0
385,60.04022241000088,58.633464152232435,59.65521070161835,62.60597419355006,4.414440044092586,0.0,0,-0.1358767732878497,1.4067582577684448,-2.5657517835491817,2.5657517835491817,normal,0
386,60.16063944426744,60.04022241000088,58.633464152232435,61.692907244196974,3.7761617341095732,0.0,0,-0.13370595854692768,0.12041703426655914,-1.532267799929535,1.532267799929535,normal,0
387,63.12207439414905,60.16063944426744,60.04022241000088,61.33213616962907,3.394528262168324,0.0,0,-0.13227423007821099,2.961434949881614,1.789938224519986,1.789938224519986,normal,0
388,61.32058039208939,63.12207439414905,60.16063944426744,60.504358174879144,1.7802280292762078,0.0,0,-0.11277938338524374,-1.8014940020596626,0.816222217210246,0.816222217210246,normal,0
389,58.47332018138831,61.32058039208939,63.12207439414905,60.100103524190715,1.7310124568363299,0.0,0,-0.1120357778549047,-2.84726021070108,-1.6267833428024048,1.6267833428024048,normal,0
390,58.19260549435174,58.47332018138831,61.32058039208939,59.77509369435452,1.7558567547687374,0.0,0,-0.11552477717186738,-0.2807146870365713,-1.5824882000027785,1.5824882000027785,normal,0
391,61.4855678183528,58.19260549435174,58.47332018138831,59.823076111207286,1.7992435380243257,0.0,0,-0.11961567402278356,3.29296232400106,1.662491707145513,1.662491707145513,normal,0
392,58.51625433093854,61.4855678183528,58.19260549435174,59.95999393193889,1.6157158068860404,0.0,0,-0.10934504053838096,-2.9693134874142615,-1.4437396010003525,1.4437396010003525,normal,0
393,65.60778510395079,58.51625433093854,61.4855678183528,60.555251372172144,2.3980588497373585,0.0,0,-0.12491480124141402,7.091530773012252,5.052533731778645,5.052533731778645,normal,0
394,65.21340918215566,65.60778510395079,58.51625433093854,61.21324587516445,2.696330358624034,0.0,0,-0.10825243193157807,-0.39437592179513103,4.000163306991205,4.000163306991205,normal,0
395,62.93379617286581,65.21340918215566,65.60778510395079,61.50260325145096,2.711678631207373,0.0,0,-0.12865216974878851,-2.2796130092898466,1.4311929214148549,1.4311929214148549,normal,0
396,61.556194200801094,62.93379617286581,65.21340918215566,61.642158727104324,2.6705400372029127,0.0,0,-0.13433749048959492,-1.377601972064717,-0.08596452630322915,0.08596452630322915,normal,0
397,68.87649922148404,61.556194200801094,62.93379617286581,62.21760120983781,3.5122048837738866,0.0,0,-0.12260339392310671,7.3203050206829445,6.6588980116462295,6.6588980116462295,normal,0
398,67.18402143784623,68.87649922148404,61.556194200801094,62.8039453144135,3.821618879690132,0.0,0,-0.10499629534029642,-1.6924777836378126,4.38007612343273,4.38007612343273,normal,0
399,71.17230028830387,67.18402143784623,68.87649922148404,64.07384332510506,4.3023453436610675,0.0,0,-0.10709022800309309,3.9882788504576467,7.098456963198814,7.098456963198814,normal,0
400,66.81114468241125,71.17230028830387,67.18402143784623,64.93569724391101,3.83068774838022,0.0,0,-0.11812484931102807,-4.36115560589262,1.8754474385002453,1.8754474385002453,normal,0
401,70.10458228973546,66.81114468241125,71.17230028830387,65.79759869104927,3.936337216645943,0.0,0,-0.1100823010373655,3.2934376073242078,4.3069835986861875,4.3069835986861875,normal,0
402,72.59738627108489,70.10458228973546,66.81114468241125,67.20571188506392,3.540936221457637,0.0,0,-0.10584480670260576,2.492803981349425,5.391674386020966,5.391674386020966,normal,0
403,73.92520671437623,72.59738627108489,70.10458228973546,68.03745404610645,4.062352280509891,0.0,0,-0.11010170251485546,1.327820443291344,5.887752668269783,5.887752668269783,normal,0
404,74.11740579805863,73.92520671437623,72.59738627108489,68.92785370769676,4.340850182952299,0.0,0,-0.10136190937072259,0.19219908368239658,5.189552090361872,5.189552090361872,normal,0
405,77.37355238761968,74.11740579805863,73.92520671437623,70.37182932917213,4.523239587637856,0.0,0,-0.08565573760746747,3.2561465895610553,7.001723058447553,7.001723058447553,normal,0
406,75.0102302005217,77.37355238761968,74.11740579805863,71.7172329291442,3.4934144195925914,0.0,0,-0.08497747879093603,-2.363322187097978,3.2929972713775015,3.2929972713775015,normal,0
407,77.7703734577153,75.0102302005217,77.37355238761968,72.60662035276732,3.807830253145923,0.0,0,-0.08322514338318215,2.76014325719359,5.163753104947972,5.163753104947972,normal,0
408,79.08387051844394,77.7703734577153,75.0102302005217,73.79660526082709,3.784261134892393,0.0,0,-0.07927364103341517,1.3134970607286505,5.287265257616852,5.287265257616852,normal,0
409,80.5271481927777,79.08387051844394,77.7703734577153,74.73209005127448,4.197189597707673,0.0,0,-0.05916605307778838,1.443277674333757,5.795058141503219,5.795058141503219,normal,0
410,81.43379491912931,80.5271481927777,79.08387051844394,76.19435507494629,3.6413808015446767,0.0,0,-0.06346794194545441,0.9066467263516103,5.239439844183025,5.239439844183025,normal,0
411,78.12358832361113,81.43379491912931,80.5271481927777,76.99625567833385,2.9728970130506465,0.0,0,-0.06910770663987859,-3.3102065955181814,1.1273326452772778,1.1273326452772778,normal,0
412,77.51203894281147,78.12358832361113,81.43379491912931,77.4877209455065,2.5395460897430344,0.0,0,-0.07540127160461962,-0.6115493807996586,0.024317997304976302,0.024317997304976302,normal,0
413,83.18562092807974,77.51203894281147,78.12358832361113,78.41376236687685,2.773739523555957,0.0,0,-0.06151676026167169,5.673581985268271,4.77185856120289,4.77185856120289,normal,0
414,81.18750053124609,83.18562092807974,77.51203894281147,79.1207718401956,2.437644541247277,0.0,0,-0.05503512024696133,-1.9981203968336558,2.0667286910504856,2.0667286910504856,normal,0
415,78.76359208983843,81.18750053124609,83.18562092807974,79.25977581041748,2.36550625792368,0.0,0,-0.05487630626752549,-2.4239084414076615,-0.49618372057905447,0.49618372057905447,normal,0
416,82.95057447570524,78.76359208983843,81.18750053124609,80.05381023793583,2.098121617138791,0.0,0,-0.05705563379384038,4.186982385866813,2.8967642377694034,2.8967642377694034,normal,0
417,79.52462852360586,82.95057447570524,78.76359208983843,80.22923574452489,1.954403505381935,0.0,0,-0.05991971991092976,-3.425945952099383,-0.7046072209190299,0.7046072209190299,normal,0
418,80.96372679588555,79.52462852360586,82.95057447570524,80.41722137226905,1.9221361727016242,0.0,0,-0.05482812783679314,1.4390982722796934,0.5465054236164946,0.5465054236164946,normal,0
419,77.93050802210712,80.96372679588555,79.52462852360586,80.15755735520199,2.0749530800608222,0.0,0,-0.06885092901319284,-3.0332187737784295,-2.227049333094868,2.227049333094868,normal,0
420,80.99934837268871,77.93050802210712,80.96372679588555,80.11411270055794,2.049656555985684,0.0,0,-0.06315492811608137,3.0688403505815955,0.8852356721307757,0.8852356721307757,normal,0
421,79.37821842590358,80.99934837268871,77.93050802210712,80.23957571078718,1.9502641244584606,0.0,0,-0.05892032531924091,-1.621129946785132,-0.8613572848835958,0.8613572848835958,normal,0
422,74.28331722988865,79.37821842590358,80.99934837268871,79.9167035394949,2.6082532528072004,0.0,0,-0.0640594468966591,-5.094901196014931,-5.6333863096062515,5.6333863096062515,normal,0
423,75.58004077355731,74.28331722988865,79.37821842590358,79.15614552404266,2.657551157245772,0.0,0,-0.06729056994928095,1.2967235436686622,-3.5761047504853423,3.5761047504853423,normal,0
424,73.74408423481331,75.58004077355731,74.28331722988865,78.41180389439937,3.040225923573037,0.0,0,-0.08668514745618855,-1.835956538744,-4.667719659586055,4.667719659586055,normal,0
425,73.98726311506475,73.74408423481331,75.58004077355731,77.934170996922,3.3392986176958477,0.0,0,-0.0859208240501424,0.24317888025143475,-3.946907881857257,3.946907881857257,normal,0
426,68.11682074319674,73.98726311506475,73.74408423481331,76.45079562367115,4.076630886815042,0.0,0,-0.09017804454700162,-5.870442371868009,-8.333974880474415,8.333974880474415,normal,0
427,70.23520404834832,68.11682074319674,73.98726311506475,75.52185317614541,4.34774607906674,0.0,0,-0.09386979353772867,2.118383305151582,-5.286649127797091,5.286649127797091,normal,0
428,69.83560344685242,70.23520404834832,68.11682074319674,74.40904084124209,4.2224531873715,0.0,0,-0.10529369383946885,-0.39960060149590504,-4.573437394389671,4.573437394389671,normal,0
429,63.11498428613664,69.83560344685242,70.23520404834832,72.92748846764505,5.308975694077957,0.0,0,-0.06090049023854155,-6.720619160715778,-9.812504181508409,9.812504181508409,normal,0
430,63.25563045174374,63.11498428613664,69.83560344685242,71.15311667555055,5.276498932584536,0.0,0,-0.06709111038364268,0.14064616560710164,-7.897486223806808,7.897486223806808,normal,0
431,60.62606458519293,63.25563045174374,63.11498428613664,69.27790129147948,5.360090882448486,0.0,0,-0.082663658935275,-2.629565866550813,-8.651836706286552,8.651836706286552,normal,0
432,63.356053903353015,60.62606458519293,63.25563045174374,68.18517495882591,5.340086847025798,0.0,0,-0.08114532006993752,2.7299893181600865,-4.829121055472896,4.829121055472896,normal,0
433,64.64180525657177,63.356053903353015,60.62606458519293,67.09135140712736,4.744068537663834,0.0,0,-0.10804548231070821,1.2857513532187568,-2.449546150555591,2.449546150555591,normal,0
434,65.65644357953188,64.64180525657177,63.356053903353015,66.28258734159922,4.134069690735153,0.0,0,-0.12658231836769157,1.01463832296011,-0.6261437620673433,0.6261437620673433,normal,0
435,62.38762439788801,65.65644357953188,64.64180525657177,65.12262346988155,3.26884851612664,0.0,0,-0.12334714634292504,-3.2688191816438703,-2.734999071993535,2.734999071993535,normal,0
436,65.23435858385571,62.38762439788801,65.65644357953188,64.83437725394745,3.098113121215224,0.0,0,-0.12616097691978334,2.846734185967698,0.3999813299082575,0.3999813299082575,normal,0
437,59.10952979928749,65.23435858385571,62.38762439788801,63.72180982904136,2.9365820981580404,0.0,0,-0.12227233644963581,-6.124828784568216,-4.612280029753869,4.612280029753869,normal,0
438,58.512967837006975,59.10952979928749,65.23435858385571,62.58954626805682,2.461819213383572,0.0,0,-0.12151022569361564,-0.5965619622805178,-4.076578431049846,4.076578431049846,normal,0
439,62.01603209491988,58.512967837006975,59.10952979928749,62.47965104893514,2.4602856283716306,0.0,0,-0.12913368991755397,3.5030642579129037,-0.46361895401526,0.46361895401526,normal,0
440,63.25756573492707,62.01603209491988,58.512967837006975,62.47984457725347,2.460353524938925,0.0,0,-0.12018735267660302,1.2415336400071908,0.7777211576735965,0.7777211576735965,normal,0
441,62.9363399791516,63.25756573492707,62.01603209491988,62.71087211664933,2.373890518923442,0.0,0,-0.13573279393958937,-0.3212257557754725,0.22546786250227058,0.22546786250227058,normal,0
442,59.52183654490011,62.9363399791516,63.25756573492707,62.327450380804045,2.5604203610456304,0.0,0,-0.1393631959303998,-3.414503434251486,-2.8056138359039338,2.8056138359039338,normal,0
443,64.26662749321652,59.52183654490011,62.9363399791516,62.289932604468525,2.525247300853616,0.0,0,-0.13042852415030853,4.744790948316407,1.9766948887479927,1.9766948887479927,normal,0
444,62.745589939703414,64.26662749321652,59.52183654490011,61.99884724048568,2.2464487022087276,0.0,0,-0.12945725592094276,-1.5210375535131035,0.7467426992177337,0.7467426992177337,normal,0
445,67.71149257473529,62.745589939703414,64.26662749321652,62.53123405817041,2.8880519721635207,0.0,0,-0.12840880846736946,4.965902635031874,5.1802585165648765,5.1802585165648765,normal,0
446,68.21565975117655,67.71149257473529,62.745589939703414,62.829364174902494,3.3197154385776684,0.0,0,-0.11430693841112777,0.504167176441257,5.386295576274051,5.386295576274051,normal,0
447,66.78899490049844,68.21565975117655,67.71149257473529,63.59731068502358,3.2511311640921843,0.0,0,-0.11627411813188171,-1.426664850678108,3.191684215474858,3.191684215474858,normal,0
448,68.88536729367807,66.78899490049844,68.21565975117655,64.6345506306907,3.099874873217801,0.0,0,-0.11435181302654462,2.096372393179635,4.250816662987376,4.250816662987376,normal,0
449,69.07824062057905,68.88536729367807,66.78899490049844,65.3407714832566,3.238402907891011,0.0,0,-0.12095410508804616,0.1928733269009797,3.7374691373224493,3.7374691373224493,normal,0
450,72.37464180545363,69.07824062057905,68.88536729367807,66.25247909030927,3.8182130558179246,0.0,0,-0.11208020873250585,3.2964011848745827,6.12216271514437,6.12216271514437,normal,0
451,75.71361697664555,72.37464180545363,69.07824062057905,67.53020679005866,4.635601713420635,0.0,0,-0.08056528688092013,3.338975171191919,8.183410186586897,8.183410186586897,normal,0
452,73.11544677897741,75.71361697664555,72.37464180545363,68.88956781346639,3.971866578265599,0.0,0,-0.10773232951604994,-2.5981701976681393,4.225878965511029,4.225878965511029,normal,0
453,77.3393385578825,73.11544677897741,75.71361697664555,70.196838919933,4.4085647451606835,0.0,0,-0.08123541806886958,4.2238917789050845,7.1424996379494985,7.1424996379494985,normal,0
454,76.45702150427223,77.3393385578825,73.11544677897741,71.56798207638988,3.941057769451257,0.0,0,-0.08521524477414205,-0.8823170536102651,4.889039427882352,4.889039427882352,normal,0
455,77.04210685840005,76.45702150427223,77.3393385578825,72.50104350475634,4.03009403861831,0.0,0,-0.0810880013262063,0.5850853541278127,4.5410633536437075,4.5410633536437075,normal,0
456,79.43141033937772,77.04210685840005,76.45702150427223,73.62261856357647,4.259122054318778,0.0,0,-0.07748280166000698,2.3893034809776736,5.808791775801254,5.808791775801254,normal,0
457,78.48464778291914,79.43141033937772,77.04210685840005,74.79218385181854,3.749417320491505,0.0,0,-0.07209836586517537,-0.9467625564585802,3.6924639311006047,3.6924639311006047,normal,0
458,80.23598064432576,78.48464778291914,79.43141033937772,75.92724518688331,3.4702540975139984,0.0,0,-0.0778800442362596,1.751332861406624,4.308735457442452,4.308735457442452,normal,0
459,79.6025147394825,80.23598064432576,78.48464778291914,76.97967259877365,2.6647217839733264,0.0,0,-0.07781851818244723,-0.6334659048432627,2.6228421407088547,2.6228421407088547,normal,0
460,86.44001542878433,79.6025147394825,80.23598064432576,78.38620996110672,3.5341977560741733,0.0,0,-0.04534024115574742,6.837500689301834,8.05380546767762,8.05380546767762,normal,0
461,82.94339961123033,86.44001542878433,79.6025147394825,79.1091882245652,3.6638357642052557,0.0,0,-0.04183618710608805,-3.4966158175540016,3.8342113866651317,3.8342113866651317,normal,0
462,81.68081626829755,82.94339961123033,86.44001542878433,79.96572517349722,3.058049694268148,0.0,0,-0.032001078244814074,-1.2625833429327855,1.7150910948003286,1.7150910948003286,normal,0
463,83.55822710575117,81.68081626829755,82.94339961123033,80.58761402828408,3.0966956833051813,0.0,0,-0.04474164477387027,1.877410837453624,2.9706130774670925,2.9706130774670925,normal,0
464,82.79821640790523,83.55822710575117,81.68081626829755,81.22173351864737,2.7910493923689224,0.0,0,-0.05424624340136425,-0.7600106978459422,1.5764828892578606,1.5764828892578606,normal,0
465,82.31862596388511,82.79821640790523,83.55822710575117,81.74938542919588,2.3818605945329705,0.0,0,-0.050801448615072076,-0.4795904440201184,0.5692405346892286,0.5692405346892286,normal,0
466,83.57660392474705,82.31862596388511,82.79821640790523,82.16390478773282,2.2926645089053626,0.0,0,-0.04806031299063834,1.2579779608619361,1.4126991370142292,1.4126991370142292,normal,0
467,83.3082946751148,83.57660392474705,82.31862596388511,82.64626947695237,1.9076668159578514,0.0,0,-0.04640399546437446,-0.268309249632253,0.662025198162425,0.662025198162425,normal,0
468,80.04413013253685,83.3082946751148,83.57660392474705,82.62708442577349,1.9353635999339673,0.0,0,-0.04882340081954201,-3.2641645425779444,-2.5829542932366394,2.5829542932366394,normal,0
469,79.1438345779976,80.04413013253685,83.3082946751148,82.581216409625,2.0186535485397954,0.0,0,-0.04528614822747851,-0.9002955545392552,-3.4373818316274054,3.4373818316274054,normal,0
470,78.82774912862146,79.1438345779976,80.04413013253685,81.81998977960872,1.8281194429167125,0.0,0,-0.057755614168581215,-0.31608544937613203,-2.992240650987256,2.992240650987256,normal,0
471,73.76369441154596,78.82774912862146,79.1438345779976,80.90201925964027,3.0784796559793017,0.0,0,-0.06522048530760544,-5.064054717075507,-7.138324848094314,7.138324848094314,normal,0
472,74.2508634024497,73.76369441154596,78.82774912862146,80.1590239730555,3.702915704438295,0.0,0,-0.06433390531278604,0.48716899090374,-5.908160570605801,5.908160570605801,normal,0
473,78.87064740653757,74.2508634024497,73.76369441154596,79.69026600313413,3.5168207600324797,0.0,0,-0.06704813970139328,4.619784004087876,-0.8196185965965554,0.8196185965965554,normal,0
474,78.24326776264566,78.87064740653757,74.2508634024497,79.23477113860818,3.361083601676435,0.0,0,-0.0654356412058521,-0.6273796438919135,-0.9915033759625231,0.9915033759625231,normal,0
475,73.25192792088723,78.24326776264566,78.87064740653757,78.32810133430839,3.647460270764986,0.0,0,-0.069302672010773,-4.991339841758432,-5.076173413421159,5.076173413421159,normal,0
476,73.69978159046855,73.25192792088723,78.24326776264566,77.34041910088054,3.396977416409547,0.0,0,-0.08766067975433572,0.44785366958132045,-3.6406375104119917,3.6406375104119917,normal,0
477,71.98560143743852,73.69978159046855,73.25192792088723,76.20814977711291,3.0567465498846764,0.0,0,-0.09585960104022828,-1.7141801530300285,-4.22254833967439,4.22254833967439,normal,0
478,76.37651609006377,71.98560143743852,73.69978159046855,75.8413883728656,2.749985007712086,0.0,0,-0.09773030287883322,4.390914652625256,0.5351277171981792,0.5351277171981792,normal,0
479,71.37161308185202,76.37651609006377,71.98560143743852,75.06416622325104,2.8105704324057803,0.0,0,-0.09400083071444199,-5.004903008211755,-3.692553141399017,3.692553141399017,normal,0
480,67.86631229411381,71.37161308185202,76.37651609006377,73.96802253980027,3.278261574397388,0.0,0,-0.08672473108113549,-3.505300787738207,-6.101710245686462,6.101710245686462,normal,0
481,65.29344805951229,67.86631229411381,71.37161308185202,73.1209979045969,4.278563825179207,0.0,0,-0.09175835848390773,-2.572864234601525,-7.827549845084619,7.827549845084619,normal,0
482,63.181974931726934,65.29344805951229,67.86631229411381,72.01410905752462,5.270573741375159,0.0,0,-0.06900533233431494,-2.1114731277853522,-8.832134125797687,8.832134125797687,normal,0
483,66.11364801671432,63.181974931726934,65.29344805951229,70.73840911854231,4.961403778601626,0.0,0,-0.08570641567203258,2.9316730849873878,-4.6247611018279855,4.6247611018279855,normal,0
484,63.6390279847712,66.11364801671432,63.181974931726934,69.27798514075486,4.646261033879369,0.0,0,-0.09333166692468048,-2.4746200319431253,-5.638957155983668,5.638957155983668,normal,0
485,61.89492741785313,63.6390279847712,66.11364801671432,68.14228509045145,4.945355266778163,0.0,0,-0.09904729998447986,-1.744100566918064,-6.247357672598319,6.247357672598319,normal,0
486,63.183981724228055,61.89492741785313,63.6390279847712,67.0907051038274,4.746339509710777,0.0,0,-0.11734973014496486,1.289054306374922,-3.906723379599349,3.906723379599349,normal,0
487,62.20663670848849,63.183981724228055,61.89492741785313,66.1128086309324,4.631785683123844,0.0,0,-0.12531377341808764,-0.9773450157395658,-3.9061719224439173,3.9061719224439173,normal,0
488,67.79401598586242,62.20663670848849,63.183981724228055,65.25455862051226,3.040427310781248,0.0,0,-0.1201863480367294,5.587379277373927,2.5394573653501595,2.5394573653501595,normal,0
489,66.39040700661201,67.79401598586242,62.20663670848849,64.75643801298827,2.2258166782381754,0.0,0,-0.10333341503469445,-1.4036089792504072,1.6339689936237392,1.6339689936237392,normal,0
490,64.97348955441522,66.39040700661201,67.79401598586242,64.46715573901841,1.947285573789757,0.0,0,-0.10975533488562716,-1.4169174521967847,0.5063338153968147,0.5063338153968147,normal,0
491,68.46161775311987,64.97348955441522,66.39040700661201,64.78397270837917,2.318920434058581,0.0,0,-0.11624881771106599,3.4881281987046435,3.6776450447407,3.6776450447407,normal,0
492,66.31145736027506,68.46161775311987,64.97348955441522,65.09692095123398,2.2896863995308574,0.0,0,-0.1048242658298047,-2.1501603928448105,1.2145364090410737,1.2145364090410737,normal,0
493,65.22229916958561,66.31145736027506,68.46161775311987,65.0077860665211,2.2629015240762205,0.0,0,-0.11141509437650465,-1.0891581906894459,0.21451310306450466,0.21451310306450466,normal,0
494,70.9007770952524,65.22229916958561,66.31145736027506,65.73396097756923,2.8609837921982906,0.0,0,-0.10463082488465941,5.678477925666783,5.166816117683169,5.166816117683169,normal,0
495,69.94996756444459,70.9007770952524,65.22229916958561,66.53946499222837,2.7931507502902115,0.0,0,-0.1002197535216216,-0.9508095308078026,3.4105025722162168,3.4105025722162168,normal,0
496,67.90797095032988,69.94996756444459,70.9007770952524,67.01186391483856,2.55162591300608,0.0,0,-0.11560958528232534,-2.0419966141147086,0.8961070354913261,0.8961070354913261,normal,0
497,70.788077116986,67.90797095032988,69.94996756444459,67.87000795568831,2.1705764440269566,0.0,0,-0.10689553250314776,2.8801061666561196,2.9180691612976943,2.9180691612976943,normal,0
498,70.66186462158187,70.788077116986,67.90797095032988,68.15679281926025,2.342099062758272,0.0,0,-0.1143130625281536,-0.1262124954041326,2.5050718023216234,2.5050718023216234,normal,0
499,70.93106820242826,70.66186462158187,70.788077116986,68.61085893884187,2.401008511044334,0.0,0,-0.11427994096923061,0.2692035808463942,2.320209263586392,2.320209263586392,normal,0
