time,value,lag_1,lag_2,rolling_mean,rolling_std
0,50.993428306022466,50.993428306022466,50.993428306022466,52.884888541473934,2.1458537649808376
1,50.721805564125916,50.993428306022466,50.993428306022466,52.884888541473934,2.1458537649808376
2,53.28207038415199,50.721805564125916,50.993428306022466,52.884888541473934,2.1458537649808376
3,56.00126177942945,53.28207038415199,50.721805564125916,52.884888541473934,2.1458537649808376
4,53.425876673639834,56.00126177942945,53.28207038415199,52.884888541473934,2.1458537649808376
5,54.325981472143674,53.425876673639834,56.00126177942945,53.551399174698176,1.9168136590613774
6,58.804850364965134,54.325981472143674,53.425876673639834,55.16800813486602,2.3033521860165207
7,57.97704633068273,58.804850364965134,54.325981472143674,56.10700332417216,2.2992987914577827
8,56.234612137125325,57.97704633068273,58.804850364965134,56.15367339571134,2.2989841227468415
9,58.91838918344676,56.234612137125325,57.97704633068273,57.25217589767273,1.9564350029135023
10,57.48787446245404,58.91838918344676,56.234612137125325,57.884554495734804,1.0958989715649619
11,57.98061409347384,57.48787446245404,58.91838918344676,57.71970724143654,0.9785688653150012
12,59.80431540280433,57.98061409347384,57.48787446245404,58.085161055860866,1.3639990307782721
13,55.809021364856335,59.80431540280433,57.98061409347384,58.00004290140706,1.5134421458302496
14,56.404661634858535,55.809021364856335,59.80431540280433,57.497297391689415,1.5492050194626166
15,58.8503748075586,56.404661634858535,55.809021364856335,57.769797460710336,1.6627983215780024
16,57.9700737897462,58.8503748075586,56.404661634858535,57.767689399964794,1.6624708846091332
17,60.54514276971523,57.9700737897462,58.8503748075586,57.91585487334699,1.90472271452273
18,57.92242815773953,60.54514276971523,57.9700737897462,58.33853623192363,1.514915228486652
19,56.63839347420357,57.92242815773953,60.54514276971523,58.38528259979263,1.4421824540356043
20,62.024271806099925,56.63839347420357,57.92242815773953,59.02006199950089,2.1983384733327043
21,58.18054106551566,62.024271806099925,56.63839347420357,59.062155454654786,2.175099367642814
22,58.22002044757175,58.18054106551566,62.024271806099925,58.597130990226084,2.0219378246758297
23,54.60755574934029,58.22002044757175,58.18054106551566,57.934156508546245,2.72106326374221
24,55.665866356461144,54.60755574934029,58.22002044757175,57.73965108499775,2.867652250320725
25,56.2065666204593,55.665866356461144,54.60755574934029,56.57611004786962,1.5903578403446923
26,52.85302656337004,56.2065666204593,55.665866356461144,55.510607147440496,1.9829032899663825
27,55.025194839029645,52.85302656337004,56.2065666204593,54.87164202573208,1.282667569351808
28,52.14860412172144,55.025194839029645,52.85302656337004,54.37985170020831,1.7830346055092365
29,51.80910579255327,52.14860412172144,55.025194839029645,53.60849958742674,1.9168222422762085
30,50.20778685613988,51.80910579255327,52.14860412172144,52.408743634562846,1.7546119994448743
31,54.120362993350774,50.20778685613988,51.80910579255327,52.662210920559005,1.9187025731976095
32,49.389264116248334,54.120362993350774,50.20778685613988,51.53502477600274,1.8372141287884258
33,46.30712120065572,49.389264116248334,54.120362993350774,50.3667281917896,2.8996264697497067
34,49.08967880393807,46.30712120065572,49.389264116248334,49.82284279406655,2.8152566500604417
35,44.05048042316176,49.08967880393807,46.30712120065572,48.59138150747093,3.784579928176701
36,45.99252275706098,44.05048042316176,49.08967880393807,46.96581346021297,2.25079175419908
37,40.78229834315552,45.99252275706098,44.05048042316176,45.24442030559441,3.0745336329224138
38,41.22504899277595,40.78229834315552,45.99252275706098,44.228005864018456,3.4522293236620207
39,43.516060879898504,41.22504899277595,40.78229834315552,43.113282279210544,2.140648718592098
40,43.90890820691154,43.516060879898504,41.22504899277595,43.084967835960505,2.126039714055316
41,42.159965451735836,43.90890820691154,43.516060879898504,42.31845637489547,1.373338464731778
42,41.05294571108764,42.159965451735836,43.90890820691154,42.37258584848189,1.301087996353993
43,40.23613324132687,41.05294571108764,42.159965451735836,42.174802698192075,1.5671086378861137
44,37.52693528036999,40.23613324132687,41.05294571108764,40.97697757828637,2.369234626731897
45,38.785010406559614,37.52693528036999,40.23613324132687,39.95219801821598,1.8310330419731202
46,39.14181242174578,38.785010406559614,37.52693528036999,39.34856741221798,1.357513005016667
47,42.11501187679682,39.14181242174578,38.785010406559614,39.56098064535981,1.7243896686240672
48,40.725590490778515,42.11501187679682,39.14181242174578,39.658872095250146,1.7851225659199565
49,36.649393563031204,40.725590490778515,42.11501187679682,39.483363751782385,2.067875773682864
50,41.058925192158206,36.649393563031204,40.725590490778515,39.93814670890211,2.125147031896872
51,39.97168861589004,41.058925192158206,36.649393563031204,40.10412194773095,2.079317044838426
52,39.81160944218655,39.97168861589004,41.058925192158206,39.6434414608089,1.751784104545295
53,42.900678155442726,39.81160944218655,39.97168861589004,40.07845899374175,2.278559483959114
54,44.334354169432025,42.900678155442726,39.81160944218655,41.615451115021905,1.9563846376507061
55,44.807156982528475,44.334354169432025,42.900678155442726,42.36509747309596,2.3652262224114264
56,42.008898574831505,44.807156982528475,44.334354169432025,42.772539464884254,1.9965975525090998
57,43.8747198223212,42.008898574831505,44.807156982528475,43.58516154091119,1.1282208223034753
58,46.01650506866955,43.8747198223212,42.008898574831505,44.20832692355655,1.465671115041556
59,48.21232360594236,46.01650506866955,43.8747198223212,44.98392081085862,2.323851568281644
60,46.247496542320164,48.21232360594236,46.01650506866955,45.27198872281696,2.3849322324886173
61,47.80705700395141,46.247496542320164,48.21232360594236,46.43162040864094,1.718043411598749
62,46.95643602381298,47.80705700395141,46.247496542320164,47.047963648939295,0.9545926525028876
63,47.77572575668216,46.95643602381298,47.80705700395141,47.399807786541814,0.7892635690436037
64,52.79054369329333,47.77572575668216,46.95643602381298,48.31545180401201,2.5835818039882392
65,54.8636799380198,52.79054369329333,47.77572575668216,50.03868848315194,3.551573919425787
66,52.97139339197311,54.8636799380198,52.79054369329333,51.071555760756276,3.490745413880727
67,56.055565001950036,52.97139339197311,54.8636799380198,52.89138155638368,3.165774874058729
68,55.66440556148135,56.055565001950036,52.97139339197311,54.46911751734352,1.513439482782854
69,54.49415813467176,55.66440556148135,56.055565001950036,54.809840405619205,1.2004741551715103
70,57.292657198204715,54.49415813467176,55.66440556148135,55.295635857656194,1.639058206191526
71,60.3657635341907,57.292657198204715,54.49415813467176,56.774509886099715,2.242476135334954
72,57.86502656027162,60.3657635341907,57.292657198204715,57.13640219776403,2.2434522233702814
73,61.63365351791366,57.86502656027162,60.3657635341907,58.330251789050486,2.7867733411808646
74,53.747590749936776,61.63365351791366,57.86502656027162,58.1809383121035,3.0511521480713446
75,61.02380477649784,53.747590749936776,61.63365351791366,58.92716782776212,3.2305832162935118
76,59.853290856791205,61.02380477649784,53.747590749936776,58.82467329228221,3.1812848143052377
77,59.28366763783827,59.853290856791205,61.02380477649784,59.108401507795556,3.1372574701687377
78,60.16895500681705,59.28366763783827,59.853290856791205,58.81546180557623,2.902083105310643
79,56.01427558919593,60.16895500681705,59.28366763783827,59.26879877342806,1.9251039290557095
80,59.45423869055879,56.01427558919593,60.16895500681705,58.95488555624024,1.6797123937665324
81,60.41312325147435,59.45423869055879,56.01427558919593,59.06685203517687,1.7707609616212883
82,62.36309365628076,60.41312325147435,59.45423869055879,59.68273723886538,2.3164630598897675
83,57.98517790101563,62.36309365628076,60.41312325147435,59.24598181770509,2.4060095557489056
84,56.92900187509643,57.98517790101563,62.36309365628076,59.42892707488519,2.116167172086279
85,56.98135703906583,56.92900187509643,57.98517790101563,58.934350744586595,2.3811543246268996
86,59.174775214145285,56.98135703906583,56.92900187509643,58.686681137120786,2.2496621022323455
87,57.2871945201412,59.174775214145285,56.98135703906583,57.67150130989288,0.9398831933940998
88,54.78965152138353,57.2871945201412,59.174775214145285,57.032396033966464,1.5570733043138272
89,56.03674343080556,54.78965152138353,57.2871945201412,56.853944345108275,1.6216748924983522
90,54.31533995111364,56.03674343080556,54.78965152138353,56.32074092751784,1.9701565089996782
91,55.128273604559304,54.31533995111364,56.03674343080556,55.51144060560065,1.1755528732917697
92,50.82479295324777,55.128273604559304,54.31533995111364,54.21896029222196,1.9991583029840425
93,50.589219941875086,50.82479295324777,55.128273604559304,53.37887397632028,2.5153099770519596
94,49.46353794826926,50.589219941875086,50.82479295324777,52.06423287981302,2.4965634998417547
95,46.32145889911767,49.46353794826926,50.589219941875086,50.465456669413825,3.1647614573285345
96,48.84897274189936,46.32145889911767,49.46353794826926,49.20959649688183,1.8061073458990606
97,47.80450428025035,48.84897274189936,46.32145889911767,48.60553876228234,1.6270441597092906
98,46.34543562076564,47.80450428025035,48.84897274189936,47.75678189806045,1.4283053687658347
99,44.95546679549649,46.34543562076564,47.80450428025035,46.8551676675059,1.5025007396851664
100,81.72904740700548,44.95546679549649,46.34543562076564,53.93668536908346,15.606034186636407
101,42.90800286554046,81.72904740700548,44.95546679549649,52.74849139381168,16.30092946361222
102,42.31582409101104,42.90800286554046,81.72904740700548,51.650755355963824,16.89122273503727
103,40.71858736392094,42.31582409101104,42.90800286554046,50.52538570459488,17.509191994428335
104,41.39916388581145,40.71858736392094,42.31582409101104,49.81412512265787,17.86072287972714
105,42.01114411391238,41.39916388581145,40.71858736392094,41.870544464039256,0.8431439605183256
106,44.544617586293,42.01114411391238,41.39916388581145,42.197867408189765,1.447602546636299
107,40.7828054629618,44.544617586293,42.01114411391238,41.89126368257991,1.5732664935678202
108,40.70573848078061,40.7828054629618,44.544617586293,41.88869390595185,1.5756694669354725
109,39.896745635403896,40.70573848078061,40.7828054629618,41.58821025587034,1.8171201960946226
110,36.16255550389488,39.896745635403896,40.70573848078061,40.41849253386684,2.9843492557729756
111,40.001446367061675,36.16255550389488,39.896745635403896,39.509858290020574,1.913524270375814
112,40.32868312836888,40.001446367061675,36.16255550389488,39.41903382310199,1.8476427363745862
113,45.38629172594968,40.32868312836888,40.001446367061675,40.355144472135805,3.2873308698678447
114,40.42199281379099,45.38629172594968,40.32868312836888,40.46019390781322,3.2773975681754117
115,41.84857293778294,40.42199281379099,45.38629172594968,41.597397394590836,2.2336674387572657
116,41.70229051090242,41.84857293778294,40.42199281379099,41.937566223358985,2.0519776820855213
117,40.042808085570606,41.70229051090242,41.84857293778294,41.88039121479933,2.1111435473730626
118,45.35039478125882,40.042808085570606,41.70229051090242,41.873211825861155,2.096248849104593
119,45.322494943003214,45.35039478125882,40.042808085570606,42.8533122517036,2.3751615801358303
120,46.21633471408174,45.322494943003214,45.35039478125882,43.72686460696336,2.694926739896447
121,43.68475044506451,46.21633471408174,45.322494943003214,44.123356593795776,2.45801568280774
122,49.22329579950391,43.68475044506451,46.21633471408174,45.95945413658244,2.0414209039611473
123,44.56397996075743,49.22329579950391,43.68475044506451,45.80217117248216,2.1285148843515707
124,49.51767243311745,44.56397996075743,49.22329579950391,46.64120667050501,2.6541128437562342
125,53.71769227810795,49.51767243311745,44.56397996075743,48.14147818331025,4.0871542442189615
126,48.355157821949994,53.71769227810795,49.51767243311745,49.07555965868735,3.264966121801826
127,50.199724954993876,48.355157821949994,53.71769227810795,49.27084548978534,3.304968001850885
128,52.514400981190676,50.199724954993876,48.355157821949994,50.86092969387199,2.2031502564553502
129,52.26779308314453,52.514400981190676,50.199724954993876,51.41095382387741,2.125898399479695
130,51.10034350613414,52.26779308314453,52.514400981190676,50.88748406948264,1.6943368595171506
131,55.22374059333579,51.10034350613414,52.26779308314453,52.261200623759805,1.899872899256255
132,53.79612771962002,55.22374059333579,51.10034350613414,52.98048117668503,1.5777804680090015
133,57.64288248323639,53.79612771962002,55.22374059333579,54.00617747709417,2.5601784855873237
134,55.56491043105689,57.64288248323639,53.79612771962002,54.66560094667665,2.421338837901311
135,61.13771307555129,55.56491043105689,57.64288248323639,56.67307486056008,2.849515059114703
136,57.02511156389249,61.13771307555129,55.56491043105689,57.03334905467142,2.7319094437826514
137,58.415424390673266,57.02511156389249,61.13771307555129,57.957208388882066,2.0625388936542914
138,61.06399112918039,58.415424390673266,57.02511156389249,58.641430118070865,2.4611363279149763
139,57.25834638108185,61.06399112918039,58.415424390673266,58.980117308075855,2.006437780863299
140,60.360993426156966,57.25834638108185,61.06399112918039,58.82477337819698,1.8189358804539024
141,62.60737939604403,60.360993426156966,57.25834638108185,59.9412269446273,2.125505455134247
142,56.76530005804116,62.60737939604403,60.360993426156966,59.61120207810088,2.514207124118911
143,60.23698735981074,56.76530005804116,62.60737939604403,59.445801324226956,2.4201846002339944
144,60.176343353989616,60.23698735981074,56.76530005804116,60.0294007188085,2.090153418951511
145,60.91259629880145,60.176343353989616,60.23698735981074,60.1397212933374,2.126275665462334
146,56.47401029964888,60.91259629880145,60.176343353989616,58.913047474058374,2.1159306525157047
147,55.816555085260795,56.47401029964888,60.91259629880145,58.7232984795023,2.38243955071371
148,58.92640380498696,55.816555085260795,56.47401029964888,58.46118176853754,2.2422391011696234
149,57.82278284158613,58.92640380498696,55.816555085260795,57.990469666056846,2.0290680900273754
150,57.003864102262916,57.82278284158613,58.92640380498696,57.208723226749136,1.2090697105349437
151,56.404865115593836,57.003864102262916,57.82278284158613,57.194894189938125,1.2199207787863273
152,53.50393744538101,56.404865115593836,57.003864102262916,56.73237066196217,2.037555505937884
153,54.43191312562813,53.50393744538101,56.404865115593836,55.833472526090404,1.8058767890922003
154,53.617328514054385,54.43191312562813,53.50393744538101,54.99238166058406,1.617214691999996
155,50.63597198332523,53.617328514054385,54.43191312562813,53.71880323679652,2.0786875123097235
156,54.809085545283956,50.63597198332523,53.617328514054385,53.39964732273454,1.639226319288963
157,51.027297679682945,54.809085545283956,50.63597198332523,52.90431936959493,1.9454221390739908
158,46.698324503317885,51.027297679682945,54.809085545283956,51.357601645132874,3.136790565122173
159,49.40452140352576,46.698324503317885,51.027297679682945,50.51504022302716,2.937534185149368
160,45.171603492894704,49.40452140352576,46.698324503317885,49.42216652494105,3.777639982651968
161,47.75345503564481,45.171603492894704,49.40452140352576,48.01104042301322,2.285364986123156
162,47.59297129403015,47.75345503564481,45.171603492894704,47.32417514588267,1.5499699104134939
163,42.77811265042879,47.59297129403015,47.75345503564481,46.54013277530484,2.5889674526834274
164,45.54568543500917,42.77811265042879,47.59297129403015,45.76836558160152,2.038203263721093
165,43.70770843018177,45.54568543500917,42.77811265042879,45.47558656905894,2.2404617454459057
166,43.86059953464599,43.70770843018177,45.54568543500917,44.69701546885917,1.9017957902434521
167,45.42216818511043,43.86059953464599,43.70770843018177,44.26285484707523,1.1899703782192352
168,40.63355343217921,45.42216818511043,43.86059953464599,43.83394300342532,1.9818968518634554
169,39.20128754394133,40.63355343217921,45.42216818511043,42.56506342521175,2.558945977344525
170,38.60699622195338,39.20128754394133,40.63355343217921,41.54492098356607,2.972794284497507
171,38.52772937925269,38.60699622195338,39.20128754394133,40.478346952487406,2.889775105354895
172,39.87679592075583,38.52772937925269,38.60699622195338,39.369272499616486,0.8907111192335154
173,40.684559638903174,39.87679592075583,38.52772937925269,39.37947374096128,0.9089167793878733
174,40.62678779395371,40.684559638903174,39.87679592075583,39.66457379096376,1.0514455146176136
175,41.898106443390475,40.62678779395371,40.684559638903174,40.32279583525118,1.2375446636273788
176,40.53755880457457,41.898106443390475,40.62678779395371,40.724761720315556,0.7317861480059973
177,43.78124365640279,40.53755880457457,41.898106443390475,41.50565126744495,1.388896798719955
178,40.79866453866828,43.78124365640279,40.53755880457457,41.528472247397964,1.3728776399003129
179,47.30876721656435,40.79866453866828,43.78124365640279,42.86486813192009,2.7932139791242645
180,43.74146222781325,47.30876721656435,40.79866453866828,43.23353928880464,2.755103186345917
181,41.47254723161244,43.74146222781325,47.30876721656435,43.420536974212226,2.5505056288929877
182,41.80988677981493,41.47254723161244,43.74146222781325,43.026265598894646,2.6318791292164505
183,45.74185893421906,41.80988677981493,41.47254723161244,44.0149044780048,2.5115910055239716
184,45.207418208629335,45.74185893421906,41.80988677981493,43.59463467641781,1.931436074708603
185,48.00319480348806,45.207418208629335,45.74185893421906,44.446981191552766,2.7705212685329585
186,48.47673863178088,48.00319480348806,45.207418208629335,45.84781947158645,2.6590929190497383
187,48.364351916544265,48.47673863178088,48.00319480348806,47.158712498932324,1.5587601712650572
188,47.81105615507952,48.364351916544265,48.47673863178088,47.572551943104415,1.3491382323728294
189,47.47453242869638,47.81105615507952,48.364351916544265,48.02597478711782,0.4088045823149438
190,50.605742192495484,47.47453242869638,47.81105615507952,48.54648426491931,1.2215272307520848
191,54.19113966847654,50.605742192495484,47.47453242869638,49.68936447225844,2.797092661666892
192,53.86133677645936,54.19113966847654,50.605742192495484,50.78876144424145,3.1977036899935998
193,51.86217604630495,53.86133677645936,54.19113966847654,51.59898542248654,2.7342462946942976
194,55.577019503279324,51.86217604630495,53.86133677645936,53.219482837403135,1.9740817163560227
195,56.82603345665368,55.577019503279324,51.86217604630495,54.46354109023478,1.8725088130357126
196,55.05192132827909,56.82603345665368,55.577019503279324,54.63569742219528,1.8807549532275776
197,57.823184365412544,55.05192132827909,56.82603345665368,55.428066939985925,2.2677162584997834
198,58.25315481196305,57.823184365412544,55.05192132827909,56.70626269311754,1.3844466239614763
199,56.39050041075543,58.25315481196305,57.823184365412544,56.86895887461276,1.2608464635111358
200,29.845027227972842,56.39050041075543,58.25315481196305,51.47275762887659,12.155811725739808
201,60.61281458921541,29.845027227972842,56.39050041075543,52.58493628106386,12.802348969288264
202,61.924307664020304,60.61281458921541,29.845027227972842,53.4051609407854,13.341863896203476
203,62.03526816242888,61.924307664020304,60.61281458921541,54.16158361087857,13.78528344560063
204,57.24259026551251,62.03526816242888,61.924307664020304,54.33200158182999,13.824936520498136
205,58.09264786295775,57.24259026551251,62.03526816242888,59.98152570882697,2.2056978669406644
206,60.869137480603484,58.09264786295775,57.24259026551251,60.03279028710458,2.226914964860053
207,60.63909914684558,60.869137480603484,58.09264786295775,59.77574858366963,2.0184165391819753
208,60.3180477133845,60.63909914684558,60.869137480603484,59.43230449386076,1.6503720571240539
209,66.57703826823295,60.3180477133845,60.63909914684558,61.299194094404854,3.151225956253689
210,59.5083374067469,66.57703826823295,60.3180477133845,61.58233200316268,2.839246980887297
211,60.049072898372124,59.5083374067469,66.57703826823295,61.41831908671641,2.9134614097975997
212,59.01961575604623,60.049072898372124,59.5083374067469,61.09442240855655,3.105441925426251
213,57.67700846411399,59.01961575604623,60.049072898372124,60.56621455870244,3.4733276891876406
214,54.94261204589593,57.67700846411399,59.01961575604623,58.239329314235036,2.041993498783761
215,56.23432847192849,54.94261204589593,57.67700846411399,57.58452752727135,2.058201261662487
216,52.266854487474255,56.23432847192849,54.94261204589593,56.028083845091786,2.599800363827208
217,52.396889299797266,52.266854487474255,56.23432847192849,54.70353855384199,2.37171126170973
218,50.92913966229617,52.396889299797266,52.266854487474255,53.35396479347842,2.1678257683439375
219,51.07397244077112,50.92913966229617,52.396889299797266,52.58023687245346,2.1493699544579616
220,54.54080404044298,51.07397244077112,50.92913966229617,52.24153198615636,1.4488787050115235
221,45.179103660575706,54.54080404044298,51.07397244077112,50.82398182077665,3.472283408486233
222,49.29915617468144,45.179103660575706,54.54080404044298,50.20443519575348,3.3970160982080344
223,43.73492216951023,49.29915617468144,45.179103660575706,48.76559169719629,4.3913814071468975
224,45.08057943720681,43.73492216951023,49.29915617468144,47.56691309648343,4.421636134172328
225,47.30615606932963,45.08057943720681,43.73492216951023,46.119983502260766,2.189079571866724
226,44.409303487095286,47.30615606932963,45.08057943720681,45.96602346756468,2.2962431417554665
227,41.334887387478915,44.409303487095286,47.30615606932963,44.37316971012417,2.164639840152169
228,41.33444502103762,41.334887387478915,44.409303487095286,43.89307428042965,2.569858568831801
229,43.47121263811518,41.33444502103762,41.334887387478915,43.571200920611325,2.483267942866485
230,40.077062694814025,43.47121263811518,41.33444502103762,42.1253822457082,1.7659015033985976
231,41.48104350096713,40.077062694814025,43.47121263811518,41.53973024848257,1.2204064231502565
232,40.73904452786224,41.48104350096713,40.077062694814025,41.42056167655924,1.27335174181131
233,39.03791776242766,40.73904452786224,41.48104350096713,40.96125622483725,1.6658681735643277
234,44.41873259744417,39.03791776242766,40.73904452786224,41.15076021670305,2.035630734114907
235,41.28701776484206,44.41873259744417,39.03791776242766,41.392751230708654,1.946028740750605
236,35.956954905318504,41.28701776484206,44.41873259744417,40.28793351157893,3.1058447579898822
237,40.46805342056729,35.956954905318504,41.28701776484206,40.23373529011994,3.0983601081656156
238,38.958442613024594,40.46805342056729,35.956954905318504,40.21784026023933,3.1062223854841196
239,42.27085185204689,38.958442613024594,40.46805342056729,39.78826411115987,2.4616636579938733
240,39.359174903068364,42.27085185204689,38.958442613024594,39.402695538805126,2.3148267361990555
241,41.183457090966904,39.359174903068364,42.27085185204689,40.4479959759348,1.34799939239289
242,42.97741729102137,41.183457090966904,39.359174903068364,40.94986875002562,1.7611500453416085
243,44.33372453756131,42.97741729102137,41.183457090966904,42.024925134932964,1.8783349479581557
244,40.910308982108205,44.33372453756131,42.97741729102137,41.75281656094523,1.9315953603591076
245,43.417422229666855,40.910308982108205,44.33372453756131,42.564466026264924,1.4723926037143262
246,43.97114347377187,43.417422229666855,40.910308982108205,43.122003302825924,1.3406226730578044
247,44.49973237412026,43.97114347377187,43.417422229666855,43.426466319445694,1.4665282338485965
248,50.26455721951498,44.49973237412026,43.97114347377187,44.61263285583643,3.4461657920689737
249,48.503506362647954,50.26455721951498,44.49973237412026,46.13127233194438,3.057965007720295
250,46.15471459035218,48.503506362647954,50.26455721951498,46.67873080408144,2.6712175698565352
251,51.508370100801095,46.15471459035218,48.503506362647954,48.18617612948729,2.879845601840746
252,54.916393119280016,51.508370100801095,46.15471459035218,50.26950827851924,3.2855224742049836
253,53.72973055647388,54.916393119280016,51.508370100801095,50.962542945911025,3.631468716747324
254,49.60214528193667,53.72973055647388,54.916393119280016,51.182270729768774,3.475366151723559
255,52.622115394489185,49.60214528193667,53.72973055647388,52.47575089059617,2.0459751248152105
256,57.038228241127136,52.622115394489185,49.60214528193667,53.58172251866138,2.761727929063039
257,53.95788287882716,57.038228241127136,52.622115394489185,53.3900204705708,2.6779174392081777
258,57.07598907749285,53.95788287882716,57.038228241127136,54.059272174774605,3.1589729207336075
259,58.490914789381094,57.07598907749285,53.95788287882716,55.837026076263484,2.4437609902133524
260,55.77172356163986,58.490914789381094,57.07598907749285,56.46694770969361,1.7009172903515182
261,58.11427929525721,55.77172356163986,58.490914789381094,56.682157920519636,1.8525820661612047
262,52.27627611797075,58.11427929525721,55.77172356163986,56.34583656834835,2.507628408629353
263,57.14800116395162,52.27627611797075,58.11427929525721,56.3602389856401,2.5130712856368618
264,59.03771464214065,57.14800116395162,52.27627611797075,56.46959895619202,2.637774044600869
265,57.29801006710947,59.03771464214065,57.14800116395162,56.77485625728595,2.62510630472817
266,63.211270346641655,57.29801006710947,59.03771464214065,57.79425446756282,3.937075092753618
267,57.13965467264894,63.211270346641655,57.29801006710947,58.76693017849847,2.6101803948978652
268,59.07342207572162,57.13965467264894,63.211270346641655,59.15201436085247,2.448659008879249
269,60.06911363202371,59.07342207572162,57.13965467264894,59.358294158829075,2.4798676194144287
270,62.44630586217726,60.06911363202371,59.07342207572162,60.387953317842644,2.47936632337781
271,56.35260386687198,62.44630586217726,60.06911363202371,59.01622002188871,2.423514722061757
272,61.11905812081716,56.35260386687198,62.44630586217726,59.81210071152235,2.303638135204772
273,58.293745127992956,61.11905812081716,56.35260386687198,59.656165321976616,2.3908770856299544
274,55.7081462242594,58.293745127992956,61.11905812081716,58.783971840423746,2.935893990644699
275,57.916607265077516,55.7081462242594,58.293745127992956,57.8780321210038,2.104393679945246
276,56.64189074531085,57.916607265077516,55.7081462242594,57.93588949669159,2.0553751362806594
277,54.23232293800489,56.64189074531085,57.916607265077516,56.558542460129125,1.6580625947722616
278,54.70706389142197,54.23232293800489,56.64189074531085,55.841206212814924,1.486680396554533
279,52.885899009102694,54.70706389142197,54.23232293800489,55.27675676978358,1.997748372860402
280,52.93609257358119,52.885899009102694,54.70706389142197,54.28065383148432,1.542140328285992
281,53.05878290150102,52.93609257358119,52.885899009102694,53.56403226272236,0.845958570314082
282,53.91468808813432,53.05878290150102,52.93609257358119,53.50050529274823,0.7935288766652904
283,47.26773600374071,53.91468808813432,53.05878290150102,52.01263971521198,2.6852216754992067
284,53.01271048834825,47.26773600374071,53.91468808813432,52.038002011061096,2.6961085527545166
285,43.85826799908703,53.01271048834825,47.26773600374071,50.22243709616227,4.435541324349403
286,46.49703019108685,43.85826799908703,53.01271048834825,48.910086554079435,4.35656363187895
287,47.04735892056375,46.49703019108685,43.85826799908703,47.53662072056532,3.3507559765404973
288,45.544090725264326,47.04735892056375,46.49703019108685,47.19189166487004,3.4718132380399305
289,42.89822756061584,45.544090725264326,47.04735892056375,45.16899507932356,1.7540677954859276
290,42.94741665715578,42.89822756061584,45.544090725264326,44.98682481093731,1.959495502559275
291,41.66400195019455,42.94741665715578,42.89822756061584,44.02021916275885,2.2049540571398722
292,40.83105569951544,41.66400195019455,42.94741665715578,42.77695851854919,1.7836754827596628
293,43.14860638627135,40.83105569951544,41.66400195019455,42.29786165075059,1.0074007836583843
294,41.68848488982824,43.14860638627135,40.83105569951544,42.05591311659307,0.97180639800082
295,39.20386672604916,41.68848488982824,43.14860638627135,41.30720313037175,1.4417166447002434
296,42.09814241379465,39.20386672604916,41.68848488982824,41.394031223091766,1.4811120398395299
297,40.719728209207865,42.09814241379465,39.20386672604916,41.37176572503025,1.4924841582574424
298,41.63590618820843,40.719728209207865,42.09814241379465,41.06922568541766,1.1581225023289086
299,41.27430737720908,41.63590618820843,40.719728209207865,40.98639018289383,1.116832446841432
300,38.461693737227236,41.27430737720908,41.63590618820843,40.83795558512945,1.4208973376676501
301,39.81492149622719,38.461693737227236,41.27430737720908,40.38131140161596,1.2739412593400548
302,43.34215960316208,39.81492149622719,38.461693737227236,40.905797680406806,1.8552878605983367
303,44.074292799170934,43.34215960316208,39.81492149622719,41.39347500259931,2.3497621802161937
304,43.907485945115155,44.074292799170934,43.34215960316208,41.920110716180524,2.598309711925687
305,45.364606861840635,43.907485945115155,44.074292799170934,43.3006933411032,2.0843894317228417
306,48.945191501016026,45.364606861840635,43.907485945115155,45.126747342060966,2.2592092235431567
307,46.53940394626472,48.945191501016026,45.364606861840635,45.76619621068149,2.0725875294327936
308,50.215003501556225,46.53940394626472,48.945191501016026,46.994338351158554,2.577312546045868
309,50.17240882719708,50.215003501556225,46.53940394626472,48.247322927574935,2.19612057218553
310,51.64671011990675,50.17240882719708,50.215003501556225,49.50374357918816,1.9134131394612002
311,55.82527473058168,51.64671011990675,50.17240882719708,50.87976022510129,3.347658360477823
312,56.855246070527386,55.82527473058168,51.64671011990675,52.94292864995382,3.1785092696504713
313,58.429532396098296,56.855246070527386,55.82527473058168,54.585834428862235,3.5205550971795567
314,61.02312755973621,58.429532396098296,56.855246070527386,56.75597817537007,3.4637418595333735
315,60.06542570957074,61.02312755973621,58.429532396098296,58.43972129330287,2.16002888644182
316,62.990181599742755,60.06542570957074,61.02312755973621,59.87270266713508,2.359400307464878
317,62.590311449809406,62.990181599742755,60.06542570957074,61.01971574299148,1.868772153433247
318,65.41574350473681,62.590311449809406,62.990181599742755,62.416957964719174,2.050842426078197
319,66.02625171603867,65.41574350473681,62.590311449809406,63.41758279597968,2.3927915991155593
320,67.95315670158601,66.02625171603867,65.41574350473681,64.99512899438272,2.2244673535459394
321,70.36700903808554,67.95315670158601,66.02625171603867,66.4704944820513,2.904599136094653
322,68.89464096043844,70.36700903808554,67.95315670158601,67.73136038417711,2.0382919463896645
323,75.99968610009435,68.89464096043844,70.36700903808554,69.8481489032486,3.782119005089999
324,71.0094376410988,75.99968610009435,68.89464096043844,70.84478608826062,3.122217229188353
325,71.71644945886243,71.0094376410988,75.99968610009435,71.59744463971592,2.6720200107473406
326,77.4960893007442,71.71644945886243,71.0094376410988,73.02326069224765,3.594233010684214
327,77.70569596235464,77.4960893007442,71.71644945886243,74.78547169263088,3.2026085016696486
328,78.21727555060285,77.70569596235464,77.4960893007442,75.22898958273258,3.5477537033299242
329,78.97421234689352,78.21727555060285,77.70569596235464,76.82194452389153,2.9103596470279447
330,78.34197199415436,78.97421234689352,78.21727555060285,78.14704903094992,0.5800144348158098
331,77.12099312056698,78.34197199415436,78.97421234689352,78.07202979491447,0.6975976115183452
332,79.51687097500391,77.12099312056698,78.34197199415436,78.43426479744433,0.900536546162828
333,78.36304559749667,79.51687097500391,77.12099312056698,78.46341880682309,0.8940920455665565
334,81.92466202635595,78.36304559749667,79.51687097500391,79.05350874271558,1.8149288047853127
335,79.84585666725891,81.92466202635595,78.36304559749667,79.35428567733648,1.7920004975398982
336,78.56748447821,79.84585666725891,81.92466202635595,79.64358394886509,1.4193357747561421
337,79.57250612904444,78.56748447821,79.84585666725891,79.65471097967318,1.4183117596867727
338,80.96238049304768,79.57250612904444,78.56748447821,80.1745779587834,1.2977600613665934
339,78.86165337742617,80.96238049304768,79.57250612904444,79.56197622899744,0.9382559650210366
340,78.13618198843471,78.86165337742617,80.96238049304768,79.2200412932326,1.1055542315171767
341,80.00665330600259,78.13618198843471,78.86165337742617,79.50787505879111,1.0802415602685431
342,79.70373254606977,80.00665330600259,78.13618198843471,79.53412034219619,1.0837926715591883
343,77.859467589943,79.70373254606977,80.00665330600259,78.91353776157524,0.9403918471799504
344,77.56538484945153,77.859467589943,79.70373254606977,78.65428405598033,1.119833600450961
345,78.58999506392779,77.56538484945153,77.859467589943,78.74504667107894,1.085198510803691
346,74.84241627595829,78.58999506392779,77.56538484945153,77.71219926507008,1.8038588574596655
347,74.5405904455885,74.84241627595829,78.58999506392779,76.67957084497382,1.8558635143158222
348,75.5497506799982,74.5405904455885,74.84241627595829,76.21762746298486,1.774422185575815
349,76.21485710440489,75.5497506799982,74.5405904455885,75.94752191397552,1.613464365483304
350,46.3399884362345,76.21485710440489,75.5497506799982,69.49752058843687,12.961711478666949
351,47.78809023309984,46.3399884362345,76.21485710440489,64.08665537986518,15.55930591913498
352,45.723484754261385,47.78809023309984,46.3399884362345,58.32323424159976,16.048396833660465
353,42.91894458619551,45.723484754261385,47.78809023309984,51.79707302283922,13.763988644661557
354,42.49900082774546,42.91894458619551,45.723484754261385,45.05390176750734,2.2728675631806894
355,39.90475360860532,42.49900082774546,42.91894458619551,43.7668548019815,3.0512688436344124
356,41.326399641085665,39.90475360860532,42.49900082774546,42.47451668357867,2.160773250656682
357,40.326016003824435,41.326399641085665,39.90475360860532,41.395022933491276,1.3142956314328889
358,41.17956865782657,40.326016003824435,41.326399641085665,41.04714774781748,1.003554886951636
359,38.60504773421209,41.17956865782657,40.326016003824435,40.26835712911081,1.101350377528191
360,41.12090449405119,38.60504773421209,41.17956865782657,40.511587306199985,1.1347593919455414
361,43.069486400477125,41.12090449405119,38.60504773421209,40.86020465807828,1.6141541016661842
362,39.80816202854981,43.069486400477125,41.12090449405119,40.75663386302336,1.6725560890276017
363,40.950439605785846,39.80816202854981,43.069486400477125,40.71080805261521,1.66117144543752
364,41.74708573868462,40.950439605785846,39.80816202854981,41.339215653509726,1.1940609955443882
365,39.88039017768128,41.74708573868462,40.950439605785846,41.09111279023573,1.3671012670135438
366,41.54014352285222,39.88039017768128,41.74708573868462,40.78524421471076,0.9077103098933105
367,41.615277004042575,41.54014352285222,39.88039017768128,41.14666720980931,0.770857307267229
368,42.367607061591116,41.615277004042575,41.54014352285222,41.43010070097036,0.9256619364269102
369,41.28661020068249,42.367607061591116,41.615277004042575,41.33800559336994,0.9089970499837997
370,43.61363901494789,41.28661020068249,42.367607061591116,42.084655360823255,0.9449256506037279
371,45.35690434998827,43.61363901494789,41.28661020068249,42.84800752625047,1.6635147732860656
372,48.11582802970594,45.35690434998827,43.61363901494789,44.148117731383145,2.685516765566532
373,48.03254023089698,48.11582802970594,45.35690434998827,45.28110436524431,2.930368045975666
374,51.35964890002053,48.03254023089698,48.11582802970594,47.29571210511192,2.960055989435299
375,46.48731687785928,51.35964890002053,48.03254023089698,47.8704476776942,2.263402392005469
376,50.75514469793846,46.48731687785928,51.35964890002053,48.95009574728424,2.0412826004774263
377,50.375565579533884,50.75514469793846,46.48731687785928,49.40204325724982,2.060462173839124
378,55.386776836360355,50.375565579533884,50.75514469793846,50.872890578342506,3.166486844406696
379,50.37880048167757,55.386776836360355,50.375565579533884,50.67672089467391,3.159166598137441
380,51.2842421027323,50.37880048167757,55.386776836360355,51.636105939648516,2.1293902917667693
381,52.703577062191414,51.2842421027323,50.37880048167757,52.02579241249911,2.106023279259758
382,50.55425635576297,52.703577062191414,51.2842421027323,52.061530567744924,2.0722644557627237
383,54.602242738008705,50.55425635576297,52.703577062191414,51.9046237480746,1.7643679274290236
384,54.93070200634128,54.602242738008705,50.55425635576297,52.81500405300733,1.9453166978791077
385,57.480533500668855,54.93070200634128,54.602242738008705,54.05426233259465,2.5924002237862083
386,58.52229882953724,57.480533500668855,54.93070200634128,55.218006686063816,3.0923150922212272
387,62.17184693935482,58.52229882953724,57.480533500668855,57.54152480278218,3.0765766466005995
388,60.816946406786506,62.17184693935482,58.52229882953724,58.784465536537745,2.8383883956907465
389,58.169798177337086,60.816946406786506,62.17184693935482,59.4322847707369,1.9782421839836635
390,57.841124520144156,58.169798177337086,60.816946406786506,59.504402974631965,1.894084297236971
391,60.83984133091934,57.841124520144156,58.169798177337086,59.96791147490838,1.8771579383903318
392,57.33510777503677,60.83984133091934,57.841124520144156,59.00056364204478,1.6948747995450104
393,63.65839028214763,57.33510777503677,60.83984133091934,59.568852417117,2.658559024470134
394,62.274380093583986,63.65839028214763,57.33510777503677,60.38976880036637,2.7506705113123138
395,58.79810325274037,62.274380093583986,63.65839028214763,60.581164546885624,2.5553572615524027
396,56.033856768087325,58.79810325274037,62.274380093583986,59.61996763431921,3.2446494328956477
397,61.79701939376496,56.033856768087325,58.79810325274037,60.51234995806485,3.067908020852207
398,58.39852674635155,61.79701939376496,56.033856768087325,59.46037725090564,2.5829094285427994
399,60.55536666061677,58.39852674635155,61.79701939376496,59.11657456431219,2.200856244536125
400,54.262276287204756,60.55536666061677,58.39852674635155,58.209409171205074,3.1113949994750296
401,55.54932988303112,54.262276287204756,60.55536666061677,58.112503794193834,3.202309934688751
402,55.98809106848891,55.54932988303112,54.262276287204756,56.95071812913862,2.5103734901026473
403,55.241362356767866,55.98809106848891,55.54932988303112,56.31928525122189,2.4515357537231104
404,53.36563659548724,55.241362356767866,55.98809106848891,54.881339238195984,1.058456564974221
405,54.5872116331792,53.36563659548724,55.241362356767866,54.94632630739087,1.0202299636207424
406,50.24862785872374,54.5872116331792,53.36563659548724,53.88618590252939,2.249930317085068
407,51.117647868228126,50.24862785872374,54.5872116331792,52.91209726247723,2.165138555280382
408,50.647523836922446,51.117647868228126,50.24862785872374,51.99332955850815,1.8863619950324926
409,50.43627004108363,50.647523836922446,51.117647868228126,51.40745624762743,1.8068215435025872
410,49.83700306813069,50.43627004108363,50.647523836922446,50.457414534617726,0.4746048237782742
411,45.18671911999408,49.83700306813069,50.43627004108363,49.4450327868718,2.4245130035160196
412,43.41562356136059,45.18671911999408,49.83700306813069,47.90462792549829,3.36173139655955
413,48.12218633529381,43.41562356136059,45.18671911999408,47.39956042517256,3.018830059468239
414,45.35873624645714,48.12218633529381,43.41562356136059,46.38405366624727,2.5612705763811974
415,42.3774253971322,45.35873624645714,48.12218633529381,44.89213813204756,2.1932611888873264
416,46.218197654668344,42.3774253971322,45.35873624645714,45.098433838982416,2.2748870783124966
417,42.65752192011741,46.218197654668344,42.3774253971322,44.94681351073378,2.4347331384460387
418,44.17072114685922,42.65752192011741,46.218197654668344,44.15652047304687,1.6664493074361268
419,41.41492839142748,44.17072114685922,42.65752192011741,43.36775890204093,1.8753995223485387
420,44.95628037060764,41.41492839142748,44.17072114685922,43.88352989673602,1.889512826366168
421,43.99193510141676,44.95628037060764,41.41492839142748,43.4382773860857,1.400969667880096
422,39.72490218464164,43.99193510141676,44.95628037060764,42.85175343899054,2.197179363852687
423,42.00523969450325,39.72490218464164,43.99193510141676,42.41865714851936,2.082632729795783
424,41.29141323658226,42.00523969450325,39.72490218464164,42.39395411755031,2.0981892532227224
425,42.77639808386876,41.29141323658226,42.00523969450325,41.95797766020253,1.59999709162364
426,38.24728734980344,42.77639808386876,41.29141323658226,40.80904810987987,1.8215382868479957
427,41.78538332047695,38.24728734980344,42.77639808386876,41.22114433704694,1.7464784908371171
428,42.86206283698587,41.78538332047695,38.24728734980344,41.392508965543456,1.8796094867142796
429,37.65213911709959,42.86206283698587,41.78538332047695,40.66465414164692,2.523044308150971
430,39.31573554838246,37.65213911709959,42.86206283698587,39.972521634549665,2.259861288907602
431,38.199530884763725,39.31573554838246,37.65213911709959,39.96297034154172,2.2690581143937565
432,42.412079956968405,38.199530884763725,39.31573554838246,40.08830966884001,2.407950270132799
433,45.129308863788644,42.412079956968405,38.199530884763725,40.54175887420057,3.157640865828212
434,47.505274408588576,45.129308863788644,42.412079956968405,42.51238593249836,3.8925112264690562
435,45.51003440100127,47.505274408588576,45.129308863788644,43.75124570302213,3.5951366316208624
436,49.526703380256365,45.51003440100127,47.505274408588576,46.016680202120654,2.6727063161621984
437,44.45417102137471,49.526703380256365,45.51003440100127,46.42509841500192,2.072902617063282
438,44.78034376259274,44.45417102137471,49.526703380256365,46.35530539476274,2.1324570931515145
439,49.06686175820233,44.78034376259274,44.45417102137471,46.667622864685484,2.4357694464883246
440,50.94515014893275,49.06686175820233,44.78034376259274,47.75464601427178,2.9487719123105394
441,51.108923132082765,50.94515014893275,49.06686175820233,48.07108996463706,3.2554311146698502
442,48.02498846180249,51.108923132082765,50.94515014893275,48.785253452722614,2.586561532097343
443,52.94561188278933,48.02498846180249,51.108923132082765,50.418307076761934,1.9167786898135752
444,51.44767976454365,52.94561188278933,48.02498846180249,50.8944706780302,1.7885543735321636
445,56.28819827318636,51.44767976454365,52.94561188278933,51.96308030288092,3.0073162162750666
446,56.524836772636405,56.28819827318636,51.44767976454365,53.046263030991646,3.5492751655523542
447,54.69679965748398,56.524836772636405,56.28819827318636,54.38062527012795,2.179327690669138
448,56.26803353925515,54.69679965748398,56.524836772636405,55.04510960142111,2.1385290594896658
449,55.82365157800028,56.26803353925515,54.69679965748398,55.92030396411244,0.7293878372877146
450,58.38367705079484,55.82365157800028,56.26803353925515,56.33939971963413,1.3400262076535654
451,60.90125704244829,58.38367705079484,55.82365157800028,57.214683773596505,2.456024501418722
452,57.41162264066446,60.90125704244829,58.38367705079484,57.75764837023261,2.021955559320322
453,60.68951751515758,57.41162264066446,60.90125704244829,58.641945165413084,2.169113722464082
454,58.822525404971486,60.68951751515758,57.41162264066446,59.241719930807335,1.5092546998416172
455,58.40016305959302,58.822525404971486,60.68951751515758,59.245017132566964,1.5069277538942194
456,59.7749401875411,58.40016305959302,58.822525404971486,59.01975376158553,1.2616749675933336
457,57.821801650801426,59.7749401875411,58.40016305959302,59.10178956361292,1.138271616200676
458,58.589432618424844,57.821801650801426,59.7749401875411,58.681772584266376,0.7145291046314529
459,57.00853384429236,58.589432618424844,57.821801650801426,58.318974272130546,1.02029540004747
460,62.94733374232087,57.00853384429236,58.589432618424844,59.228408408676124,2.315371370641807
461,58.611900716668465,62.94733374232087,57.00853384429236,58.995800514501596,2.3051372476918077
462,56.58007015124114,58.611900716668465,62.94733374232087,58.74745421458954,2.5201057197761485
463,57.76589980537218,56.58007015124114,58.611900716668465,58.582747651979005,2.5596175656706297
464,56.39838443048077,57.76589980537218,56.58007015124114,58.460717769216686,2.665774063928079
465,55.40002664506641,56.39838443048077,57.76589980537218,56.9512563497658,1.2521125970666267
466,56.230853566872725,55.40002664506641,56.39838443048077,56.475046919806644,0.8512501355794576
467,55.628106381640286,56.230853566872725,55.40002664506641,56.284654165886465,0.9251403360596478
468,52.12156281580383,55.628106381640286,56.230853566872725,55.1557867679728,1.7456425392884645
469,51.06860364064146,52.12156281580383,55.628106381640286,54.089830610004945,2.3274866171375543
470,50.685627833148956,51.06860364064146,52.12156281580383,53.146950847621454,2.602673984382176
471,45.635032985556215,50.685627833148956,51.06860364064146,51.02778673135815,3.590258302066803
472,46.209250515019356,45.635032985556215,50.685627833148956,49.144015558033956,2.9946702622492145
473,50.98173583801758,46.209250515019356,45.635032985556215,48.91605016247671,2.7442570472603083
474,50.56378292557183,50.98173583801758,46.209250515019356,48.81508601946278,2.6530338745055952
475,45.82887442954533,50.56378292557183,50.98173583801758,47.843735338742064,2.685855413803144
476,46.56985938119387,45.82887442954533,50.56378292557183,48.03070061786959,2.521155043213183
477,45.174839074983964,46.56985938119387,45.82887442954533,47.82381832986252,2.740855444801029
478,49.90012492391574,45.174839074983964,46.56985938119387,47.60749614704215,2.457324964645376
479,45.23406190831946,49.90012492391574,45.174839074983964,46.54155194359167,1.9599845198215853
480,42.0616182038018,45.23406190831946,49.90012492391574,45.78810069844297,2.8323846159888264
481,39.805675273122695,42.0616182038018,45.23406190831946,44.43526387682873,3.811726657744692
482,37.985929715798235,39.805675273122695,42.0616182038018,42.99748200499158,4.712427626644174
483,41.17575428777088,37.985929715798235,39.805675273122695,41.252607877762614,2.705419586477667
484,38.91836501422652,41.17575428777088,37.985929715798235,39.98946849894402,1.6504763443100805
485,37.344408194773685,38.91836501422652,41.17575428777088,39.0460264971384,1.512317279211701
486,38.75164806672979,37.344408194773685,38.91836501422652,38.835221055859826,1.452223462408698
487,37.83704517847677,38.75164806672979,37.344408194773685,38.80544414839552,1.4753336842792848
488,43.429687090099975,37.83704517847677,38.75164806672979,39.256230708861345,2.42155156518869
489,41.9733090858876,43.429687090099975,37.83704517847677,39.86721952319356,2.6859576017953235
490,40.446528189772046,41.9733090858876,43.429687090099975,40.48764352219324,2.2860372259799235
491,43.77010146297853,40.446528189772046,41.9733090858876,41.49133420144299,2.430418678326568
492,41.40451082540077,43.77010146297853,40.446528189772046,42.20482733082778,1.3906911604211558
493,40.05419619600856,41.40451082540077,43.77010146297853,41.5297291520095,1.464772397647907
494,45.4321669916539,40.05419619600856,41.40451082540077,42.22150073316276,2.303353589862919
495,44.14897054503236,45.4321669916539,40.05419619600856,42.96198920421482,2.182014407996098
496,41.75112054381247,44.14897054503236,45.4321669916539,42.55819302038161,2.1818941430784
497,44.26109032649763,41.75112054381247,44.14897054503236,43.12950892060098,2.1782742908862156
498,43.76022369221344,44.26109032649763,41.75112054381247,43.87071441984196,1.3391079450429122
499,43.660401259350216,43.76022369221344,44.26109032649763,43.51636127338122,1.0187132917721455
